audio_filename,video_id,segment_num,transcription,reason,matched_keywords,duration
0OQrHM5y4yE_seg001.wav,0OQrHM5y4yE,1,ATC AUDIO YOUTUBE CHANNEL VISUALIZED,metadata,"['ATC AUDIO', 'YOUTUBE', 'CHANNEL', 'VISUALIZED']",
0OQrHM5y4yE_seg002.wav,0OQrHM5y4yE,2,MAP AND ANIMATION CREATED BY A.TAYSIN AUDIO SOURCE: WWW.LIVEATC.COM,metadata,"['MAP AND ANIMATION', 'CREATED BY', 'AUDIO SOURCE', 'WWW.', 'LIVEATC.COM']",
0Oh_4i5yL2s_seg001.wav,0Oh_4i5yL2s,1,ATC AUDIO YOUTUBE CHANNEL VISUALIZED,metadata,"['ATC AUDIO', 'YOUTUBE', 'CHANNEL', 'VISUALIZED']",
0Oh_4i5yL2s_seg002.wav,0Oh_4i5yL2s,2,MAP AND ANIMATION CREATED BY A. TAYSIN AUDIO SOURCE - WWW.LIVEATC.COM ATC AUDIO,metadata,"['ATC AUDIO', 'MAP AND ANIMATION', 'CREATED BY', 'AUDIO SOURCE', 'WWW.', 'LIVEATC.COM']",
10dsKnPoMQs_seg001.wav,10dsKnPoMQs,1,ATC AUDIO,metadata,['ATC AUDIO'],
10dsKnPoMQs_seg002.wav,10dsKnPoMQs,2,YOUTUBE CHANNEL,metadata,"['YOUTUBE', 'CHANNEL']",
10dsKnPoMQs_seg003.wav,10dsKnPoMQs,3,VISUALIZED,metadata,['VISUALIZED'],
10dsKnPoMQs_seg004.wav,10dsKnPoMQs,4,ATC AUDIO,metadata,['ATC AUDIO'],
10dsKnPoMQs_seg005.wav,10dsKnPoMQs,5,MAP AND ANIMATION CREATED BY A. TEYSSIN AUDIO SOURCE: WWW.LIVEATC.NET,metadata,"['MAP AND ANIMATION', 'CREATED BY', 'AUDIO SOURCE', 'WWW.', 'LIVEATC.NET']",
1CYaJGSQP_E_seg001.wav,1CYaJGSQP_E,1,ATC AUDIO,metadata,['ATC AUDIO'],
1CYaJGSQP_E_seg002.wav,1CYaJGSQP_E,2,YOUTUBE CHANNEL,metadata,"['YOUTUBE', 'CHANNEL']",
1LrDImibNKc_seg001.wav,1LrDImibNKc,1,ATC AUDIO,metadata,['ATC AUDIO'],
1LrDImibNKc_seg002.wav,1LrDImibNKc,2,YOUTUBE CHANNEL,metadata,"['YOUTUBE', 'CHANNEL']",
1LrDImibNKc_seg003.wav,1LrDImibNKc,3,VISUALIZED,metadata,['VISUALIZED'],
1LrDImibNKc_seg004.wav,1LrDImibNKc,4,MAP AND ANIMATION CREATED BY A.TAYSIN AUDIO SOURCE - WWW.LIVEATC.COM,metadata,"['MAP AND ANIMATION', 'CREATED BY', 'AUDIO SOURCE', 'WWW.', 'LIVEATC.COM']",
1Php7MdP8ac_seg001.wav,1Php7MdP8ac,1,ATC AUDIO YOUTUBE CHANNEL,metadata,"['ATC AUDIO', 'YOUTUBE', 'CHANNEL']",
1Php7MdP8ac_seg002.wav,1Php7MdP8ac,2,MAP AND ANIMATION CREATED BY V. TAYSIN AUDIO SOURCE: WWW.LIVEATC.COM,metadata,"['MAP AND ANIMATION', 'CREATED BY', 'AUDIO SOURCE', 'WWW.', 'LIVEATC.COM']",
1ZHfRoYxvTg_seg001.wav,1ZHfRoYxvTg,1,ATC AUDIO YOUTUBE CHANNEL,metadata,"['ATC AUDIO', 'YOUTUBE', 'CHANNEL']",
1faZlaA9MOY_seg001.wav,1faZlaA9MOY,1,ATC AUDIO YOUTUBE CHANNEL,metadata,"['ATC AUDIO', 'YOUTUBE', 'CHANNEL']",
1faZlaA9MOY_seg002.wav,1faZlaA9MOY,2,MAP AND ANIMATION CREATED BY A. VEYSIN AUDIO SOURCE: WWW.LIVEATC.NET,metadata,"['MAP AND ANIMATION', 'CREATED BY', 'AUDIO SOURCE', 'WWW.', 'LIVEATC.NET']",
1vR0wDbgPG0_seg001.wav,1vR0wDbgPG0,1,ATC AUDIO,metadata,['ATC AUDIO'],
1vR0wDbgPG0_seg002.wav,1vR0wDbgPG0,2,YOUTUBE CHANNEL,metadata,"['YOUTUBE', 'CHANNEL']",
1vR0wDbgPG0_seg003.wav,1vR0wDbgPG0,3,VISUALIZED,metadata,['VISUALIZED'],
1vR0wDbgPG0_seg004.wav,1vR0wDbgPG0,4,MAP AND ANIMATION CREATED BY A. TEYSSIN,metadata,"['MAP AND ANIMATION', 'CREATED BY']",
1vR0wDbgPG0_seg005.wav,1vR0wDbgPG0,5,AUDIO SOURCE: WWW.LIVEATC.NET,metadata,"['AUDIO SOURCE', 'WWW.', 'LIVEATC.NET']",
2E4aSaEa3OI_seg001.wav,2E4aSaEa3OI,1,ATC AUDIO,metadata,['ATC AUDIO'],
2E4aSaEa3OI_seg002.wav,2E4aSaEa3OI,2,YOUTUBE CHANNEL,metadata,"['YOUTUBE', 'CHANNEL']",
2J1uM0CP7Jc_seg001.wav,2J1uM0CP7Jc,1,ATC AUDIO YOUTUBE CHANNEL VISUALIZED,metadata,"['ATC AUDIO', 'YOUTUBE', 'CHANNEL', 'VISUALIZED']",
3QKaoNp6TVU_seg001.wav,3QKaoNp6TVU,1,ATC AUDIO,metadata,['ATC AUDIO'],
3QKaoNp6TVU_seg002.wav,3QKaoNp6TVU,2,ATC AUDIO,metadata,['ATC AUDIO'],
3QKaoNp6TVU_seg003.wav,3QKaoNp6TVU,3,YOUTUBE CHANNEL,metadata,"['YOUTUBE', 'CHANNEL']",
3QKaoNp6TVU_seg004.wav,3QKaoNp6TVU,4,MAP AND ANIMATION CREATED BY A. WYSEN,metadata,"['MAP AND ANIMATION', 'CREATED BY']",
3QKaoNp6TVU_seg005.wav,3QKaoNp6TVU,5,AUDIO SOURCE: WWW.LIVEATC.NET,metadata,"['AUDIO SOURCE', 'WWW.', 'LIVEATC.NET']",
3YUU9tgA028_seg001.wav,3YUU9tgA028,1,ATC AUDIO YOUTUBE CHANNEL VISUALIZED,metadata,"['ATC AUDIO', 'YOUTUBE', 'CHANNEL', 'VISUALIZED']",
4-pGf1uoM9s_seg001.wav,4-pGf1uoM9s,1,ATC AUDIO,metadata,['ATC AUDIO'],
4-pGf1uoM9s_seg002.wav,4-pGf1uoM9s,2,YOUTUBE CHANNEL,metadata,"['YOUTUBE', 'CHANNEL']",
4-pGf1uoM9s_seg003.wav,4-pGf1uoM9s,3,VISUALIZED,metadata,['VISUALIZED'],
4-pGf1uoM9s_seg004.wav,4-pGf1uoM9s,4,MAP AND ANIMATION CREATED BY: A. TAYSIN,metadata,"['MAP AND ANIMATION', 'CREATED BY']",
4-pGf1uoM9s_seg005.wav,4-pGf1uoM9s,5,AUDIO SOURCE: WWW.LIVEATC.COM,metadata,"['AUDIO SOURCE', 'WWW.', 'LIVEATC.COM']",
4-pGf1uoM9s_seg006.wav,4-pGf1uoM9s,6,ATCAUDIO,metadata,['ATCAUDIO'],
4SdKzKMp8VU_seg001.wav,4SdKzKMp8VU,1,ATC AUDIO,metadata,['ATC AUDIO'],
4SdKzKMp8VU_seg002.wav,4SdKzKMp8VU,2,YOUTUBE CHANNEL,metadata,"['YOUTUBE', 'CHANNEL']",
4SdKzKMp8VU_seg003.wav,4SdKzKMp8VU,3,MAP AND ANIMATION CREATED BY A. VYSIN,metadata,"['MAP AND ANIMATION', 'CREATED BY']",
4SdKzKMp8VU_seg004.wav,4SdKzKMp8VU,4,AUDIO SOURCE: WWW.LIVEATC.NET,metadata,"['AUDIO SOURCE', 'WWW.', 'LIVEATC.NET']",
4SdKzKMp8VU_seg005.wav,4SdKzKMp8VU,5,ATC AUDIO,metadata,['ATC AUDIO'],
4bsyJit6u4k_seg001.wav,4bsyJit6u4k,1,ATC AUDIO,metadata,['ATC AUDIO'],
4bsyJit6u4k_seg002.wav,4bsyJit6u4k,2,YOUTUBE CHANNEL,metadata,"['YOUTUBE', 'CHANNEL']",
4bsyJit6u4k_seg003.wav,4bsyJit6u4k,3,VISUALIZED,metadata,['VISUALIZED'],
4bsyJit6u4k_seg004.wav,4bsyJit6u4k,4,MAP AND ANIMATION CREATED BY A. VEYSIN,metadata,"['MAP AND ANIMATION', 'CREATED BY']",
4bsyJit6u4k_seg005.wav,4bsyJit6u4k,5,AUDIO SOURCE: WWW.LIVEATC.NET,metadata,"['AUDIO SOURCE', 'WWW.', 'LIVEATC.NET']",
4bsyJit6u4k_seg006.wav,4bsyJit6u4k,6,ATC AUDIO,metadata,['ATC AUDIO'],
4m-b-FPXREM_seg001.wav,4m-b-FPXREM,1,ATC AUDIO YOUTUBE CHANNEL,metadata,"['ATC AUDIO', 'YOUTUBE', 'CHANNEL']",
4mdplwYDBNU_seg001.wav,4mdplwYDBNU,1,ATC AUDIO YOUTUBE CHANNEL,metadata,"['ATC AUDIO', 'YOUTUBE', 'CHANNEL']",
5CBFimfZV70_seg001.wav,5CBFimfZV70,1,ATC AUDIO,metadata,['ATC AUDIO'],
5CBFimfZV70_seg002.wav,5CBFimfZV70,2,YOUTUBE CHANNEL,metadata,"['YOUTUBE', 'CHANNEL']",
5CBFimfZV70_seg003.wav,5CBFimfZV70,3,VISUALIZED,metadata,['VISUALIZED'],
5CBFimfZV70_seg004.wav,5CBFimfZV70,4,MAP AND ANIMATION CREATED BY A. TEYSSEN AUDIO SOURCE: WWW.LIVEATC.NET,metadata,"['MAP AND ANIMATION', 'CREATED BY', 'AUDIO SOURCE', 'WWW.', 'LIVEATC.NET']",
5TA1QldUTcs_seg001.wav,5TA1QldUTcs,1,ATC AUDIO YOUTUBE CHANNEL VISUALIZED,metadata,"['ATC AUDIO', 'YOUTUBE', 'CHANNEL', 'VISUALIZED']",
5TA1QldUTcs_seg002.wav,5TA1QldUTcs,2,MAP AND ANIMATION CREATED BY: A. TAYSOM AUDIO SOURCE: WWW.LIVEATC.COM,metadata,"['MAP AND ANIMATION', 'CREATED BY', 'AUDIO SOURCE', 'WWW.', 'LIVEATC.COM']",
5TA1QldUTcs_seg003.wav,5TA1QldUTcs,3,ATC AUDIO,metadata,['ATC AUDIO'],
65r_hNt51_Y_seg001.wav,65r_hNt51_Y,1,ATC AUDIO YOUTUBE CHANNEL,metadata,"['ATC AUDIO', 'YOUTUBE', 'CHANNEL']",
6QqiqXalfo8_seg001.wav,6QqiqXalfo8,1,ATC AUDIO YOUTUBE CHANNEL VISUALIZED,metadata,"['ATC AUDIO', 'YOUTUBE', 'CHANNEL', 'VISUALIZED']",
7ChSXtSz1FY_seg001.wav,7ChSXtSz1FY,1,ATC AUDIO,metadata,['ATC AUDIO'],
7ChSXtSz1FY_seg002.wav,7ChSXtSz1FY,2,YOUTUBE CHANNEL,metadata,"['YOUTUBE', 'CHANNEL']",
7ChSXtSz1FY_seg003.wav,7ChSXtSz1FY,3,VISUALIZED,metadata,['VISUALIZED'],
7ChSXtSz1FY_seg004.wav,7ChSXtSz1FY,4,MAP AND ANIMATION CREATED BY A. WYSIN,metadata,"['MAP AND ANIMATION', 'CREATED BY']",
7ChSXtSz1FY_seg005.wav,7ChSXtSz1FY,5,AUDIO SOURCE: WWW.LIVEATC.NET,metadata,"['AUDIO SOURCE', 'WWW.', 'LIVEATC.NET']",
7NX3L-CLlyw_seg001.wav,7NX3L-CLlyw,1,ATC AUDIO YOUTUBE CHANNEL,metadata,"['ATC AUDIO', 'YOUTUBE', 'CHANNEL']",
7NX3L-CLlyw_seg003.wav,7NX3L-CLlyw,3,ATC AUDIO,metadata,['ATC AUDIO'],
7cmUUTsvIdw_seg001.wav,7cmUUTsvIdw,1,ATC AUDIO,metadata,['ATC AUDIO'],
7cmUUTsvIdw_seg002.wav,7cmUUTsvIdw,2,YOUTUBE CHANNEL,metadata,"['YOUTUBE', 'CHANNEL']",
7cmUUTsvIdw_seg003.wav,7cmUUTsvIdw,3,VISUALIZED,metadata,['VISUALIZED'],
7cmUUTsvIdw_seg005.wav,7cmUUTsvIdw,5,MAP AND ANIMATION CREATED BY A_DRISIN,metadata,"['MAP AND ANIMATION', 'CREATED BY']",
7cmUUTsvIdw_seg006.wav,7cmUUTsvIdw,6,AUDIO SOURCE: WWW.LIVEATC.NET,metadata,"['AUDIO SOURCE', 'WWW.', 'LIVEATC.NET']",
7cmUUTsvIdw_seg007.wav,7cmUUTsvIdw,7,ATC AUDIO,metadata,['ATC AUDIO'],
7m0J6b_v_Kw_seg001.wav,7m0J6b_v_Kw,1,ATC AUDIO,metadata,['ATC AUDIO'],
7m0J6b_v_Kw_seg002.wav,7m0J6b_v_Kw,2,YOUTUBE CHANNEL,metadata,"['YOUTUBE', 'CHANNEL']",
8LfhHEagwDA_seg001.wav,8LfhHEagwDA,1,ATC AUDIO YOUTUBE CHANNEL,metadata,"['ATC AUDIO', 'YOUTUBE', 'CHANNEL']",
8LfhHEagwDA_seg002.wav,8LfhHEagwDA,2,VISUALIZED,metadata,['VISUALIZED'],
8LfhHEagwDA_seg003.wav,8LfhHEagwDA,3,MAP AND ANIMATION CREATED BY A. JEYSIN AUDIO SOURCE: WWW.LIVEATC.NET,metadata,"['MAP AND ANIMATION', 'CREATED BY', 'AUDIO SOURCE', 'WWW.', 'LIVEATC.NET']",
8QQ8R2yOYfs_seg001.wav,8QQ8R2yOYfs,1,ATC AUDIO,metadata,['ATC AUDIO'],
8QQ8R2yOYfs_seg002.wav,8QQ8R2yOYfs,2,YOUTUBE CHANNEL,metadata,"['YOUTUBE', 'CHANNEL']",
8QQ8R2yOYfs_seg003.wav,8QQ8R2yOYfs,3,VISUALIZED,metadata,['VISUALIZED'],
8QQ8R2yOYfs_seg004.wav,8QQ8R2yOYfs,4,MAP AND ANIMATION CREATED BY: A. TAYSIN AUDIO SOURCE - WWW.LIVEATC.COM,metadata,"['MAP AND ANIMATION', 'CREATED BY', 'AUDIO SOURCE', 'WWW.', 'LIVEATC.COM']",
8RL8XUzpWnw_seg001.wav,8RL8XUzpWnw,1,ATC AUDIO YOUTUBE CHANNEL VISUALIZED,metadata,"['ATC AUDIO', 'YOUTUBE', 'CHANNEL', 'VISUALIZED']",
8RL8XUzpWnw_seg002.wav,8RL8XUzpWnw,2,MAP AND ANIMATION CREATED BY A. IVYSYN AUDIO SOURCE: WWW.LIVEATC.NET,metadata,"['MAP AND ANIMATION', 'CREATED BY', 'AUDIO SOURCE', 'WWW.', 'LIVEATC.NET']",
8n-zAhLn9jI_seg001.wav,8n-zAhLn9jI,1,ATC AUDIO,metadata,['ATC AUDIO'],
8zJCk5_sRmU_seg001.wav,8zJCk5_sRmU,1,ATC AUDIO,metadata,['ATC AUDIO'],
8zJCk5_sRmU_seg002.wav,8zJCk5_sRmU,2,YOUTUBE CHANNEL,metadata,"['YOUTUBE', 'CHANNEL']",
8zJCk5_sRmU_seg003.wav,8zJCk5_sRmU,3,VISUALIZED,metadata,['VISUALIZED'],
9jsL45LkboY_seg001.wav,9jsL45LkboY,1,ATC AUDIO YOUTUBE CHANNEL VISUALIZED,metadata,"['ATC AUDIO', 'YOUTUBE', 'CHANNEL', 'VISUALIZED']",
9mC_WYh1c_8_seg001.wav,9mC_WYh1c_8,1,ATC AUDIO YOUTUBE CHANNEL,metadata,"['ATC AUDIO', 'YOUTUBE', 'CHANNEL']",
9mC_WYh1c_8_seg002.wav,9mC_WYh1c_8,2,MAP AND ANIMATION CREATED BY A.TAYSIN AUDIO SOURCE : WWW.LIVEATC.NET,metadata,"['MAP AND ANIMATION', 'CREATED BY', 'AUDIO SOURCE', 'WWW.', 'LIVEATC.NET']",
A7Saf_bijtg_seg001.wav,A7Saf_bijtg,1,ATC AUDIO,metadata,['ATC AUDIO'],
A7Saf_bijtg_seg002.wav,A7Saf_bijtg,2,YOUTUBE CHANNEL,metadata,"['YOUTUBE', 'CHANNEL']",
A7Saf_bijtg_seg003.wav,A7Saf_bijtg,3,VISUALIZED,metadata,['VISUALIZED'],
A7Saf_bijtg_seg004.wav,A7Saf_bijtg,4,MAP AND ANIMATION CREATED BY A.TAYSIN,metadata,"['MAP AND ANIMATION', 'CREATED BY']",
A7Saf_bijtg_seg005.wav,A7Saf_bijtg,5,AUDIO SOURCE: WWW.LIVEATC.COM,metadata,"['AUDIO SOURCE', 'WWW.', 'LIVEATC.COM']",
ABbeA8Rmpe8_seg001.wav,ABbeA8Rmpe8,1,ATC AUDIO YOUTUBE CHANNEL,metadata,"['ATC AUDIO', 'YOUTUBE', 'CHANNEL']",
ABbeA8Rmpe8_seg002.wav,ABbeA8Rmpe8,2,MAP AND ANIMATION CREATED BY VASAVIATION,metadata,"['MAP AND ANIMATION', 'CREATED BY']",
ABbeA8Rmpe8_seg003.wav,ABbeA8Rmpe8,3,AUDIO SOURCE: WWW.LIVEATC.NET,metadata,"['AUDIO SOURCE', 'WWW.', 'LIVEATC.NET']",
AYo_6CcaGUE_seg001.wav,AYo_6CcaGUE,1,ATC AUDIO YOUTUBE CHANNEL VISUALIZED,metadata,"['ATC AUDIO', 'YOUTUBE', 'CHANNEL', 'VISUALIZED']",
AYo_6CcaGUE_seg002.wav,AYo_6CcaGUE,2,MAP AND ANIMATION CREATED BY A. WYSEN AUDIO SOURCE: WWW.LIVEATC.NET,metadata,"['MAP AND ANIMATION', 'CREATED BY', 'AUDIO SOURCE', 'WWW.', 'LIVEATC.NET']",
AwzRUSzNFp8_seg001.wav,AwzRUSzNFp8,1,ATC AUDIO YOUTUBE CHANNEL,metadata,"['ATC AUDIO', 'YOUTUBE', 'CHANNEL']",
AwzRUSzNFp8_seg002.wav,AwzRUSzNFp8,2,MAP AND ANIMATION CREATED BY A. VEYSIN AUDIO SOURCE: WWW.LIVEATC.NET,metadata,"['MAP AND ANIMATION', 'CREATED BY', 'AUDIO SOURCE', 'WWW.', 'LIVEATC.NET']",
AzhdR3-ijXM_seg001.wav,AzhdR3-ijXM,1,ATC AUDIO YOUTUBE CHANNEL VISUALIZED,metadata,"['ATC AUDIO', 'YOUTUBE', 'CHANNEL', 'VISUALIZED']",
B7V3ic01chI_seg001.wav,B7V3ic01chI,1,ATC AUDIO YOUTUBE CHANNEL VISUALIZED,metadata,"['ATC AUDIO', 'YOUTUBE', 'CHANNEL', 'VISUALIZED']",
B7V3ic01chI_seg002.wav,B7V3ic01chI,2,MAP AND ANIMATION CREATED BY A. VEYSIN AUDIO SOURCE: WWW.LIVEATC.NET,metadata,"['MAP AND ANIMATION', 'CREATED BY', 'AUDIO SOURCE', 'WWW.', 'LIVEATC.NET']",
BCQxrvXDB2A_seg001.wav,BCQxrvXDB2A,1,ATC AUDIO,metadata,['ATC AUDIO'],
BCQxrvXDB2A_seg002.wav,BCQxrvXDB2A,2,YOUTUBE CHANNEL,metadata,"['YOUTUBE', 'CHANNEL']",
BZzrQ4cWWUM_seg001.wav,BZzrQ4cWWUM,1,ATC AUDIO YOUTUBE CHANNEL,metadata,"['ATC AUDIO', 'YOUTUBE', 'CHANNEL']",
BZzrQ4cWWUM_seg002.wav,BZzrQ4cWWUM,2,VISUALIZED,metadata,['VISUALIZED'],
BaRl0AON8BE_seg001.wav,BaRl0AON8BE,1,ATC AUDIO,metadata,['ATC AUDIO'],
BaRl0AON8BE_seg002.wav,BaRl0AON8BE,2,YOUTUBE CHANNEL,metadata,"['YOUTUBE', 'CHANNEL']",
BaRl0AON8BE_seg003.wav,BaRl0AON8BE,3,VISUALIZED,metadata,['VISUALIZED'],
BaRl0AON8BE_seg004.wav,BaRl0AON8BE,4,MAP AND ANIMATION CREATED BY A. JYSEN,metadata,"['MAP AND ANIMATION', 'CREATED BY']",
BaRl0AON8BE_seg005.wav,BaRl0AON8BE,5,AUDIO SOURCE: WWW.LIVEATC.NET,metadata,"['AUDIO SOURCE', 'WWW.', 'LIVEATC.NET']",
BaRl0AON8BE_seg006.wav,BaRl0AON8BE,6,ATC AUDIO,metadata,['ATC AUDIO'],
Bhqxmo9GVwo_seg001.wav,Bhqxmo9GVwo,1,ATC AUDIO YOUTUBE CHANNEL VISUALIZED,metadata,"['ATC AUDIO', 'YOUTUBE', 'CHANNEL', 'VISUALIZED']",
Bhqxmo9GVwo_seg002.wav,Bhqxmo9GVwo,2,MAP AND ANIMATION CREATED BY A. WYSEN AUDIO SOURCE: WWW.LIVEATC.NET,metadata,"['MAP AND ANIMATION', 'CREATED BY', 'AUDIO SOURCE', 'WWW.', 'LIVEATC.NET']",
Cb47zdaOFvQ_seg001.wav,Cb47zdaOFvQ,1,ATC AUDIO YOUTUBE CHANNEL,metadata,"['ATC AUDIO', 'YOUTUBE', 'CHANNEL']",
Cb47zdaOFvQ_seg002.wav,Cb47zdaOFvQ,2,ATC AUDIO YOUTUBE CHANNEL VISUALIZED,metadata,"['ATC AUDIO', 'YOUTUBE', 'CHANNEL', 'VISUALIZED']",
Cb47zdaOFvQ_seg003.wav,Cb47zdaOFvQ,3,MAP AND ANIMATION CREATED BY A. WYSEN AUDIO SOURCE: WWW.LIVEATC.NET,metadata,"['MAP AND ANIMATION', 'CREATED BY', 'AUDIO SOURCE', 'WWW.', 'LIVEATC.NET']",
Cb47zdaOFvQ_seg004.wav,Cb47zdaOFvQ,4,ATC AUDIO,metadata,['ATC AUDIO'],
Cb47zdaOFvQ_seg012.wav,Cb47zdaOFvQ,12,MAP AND ANIMATION CREATED BY A. WYSEN AUDIO SOURCE: WWW.LIVEATC.NET,metadata,"['MAP AND ANIMATION', 'CREATED BY', 'AUDIO SOURCE', 'WWW.', 'LIVEATC.NET']",
Cb47zdaOFvQ_seg013.wav,Cb47zdaOFvQ,13,ATC AUDIO,metadata,['ATC AUDIO'],
CeZvHhz8O3w_seg001.wav,CeZvHhz8O3w,1,ATC AUDIO YOUTUBE CHANNEL VISUALIZED,metadata,"['ATC AUDIO', 'YOUTUBE', 'CHANNEL', 'VISUALIZED']",
CeZvHhz8O3w_seg002.wav,CeZvHhz8O3w,2,MAP AND ANIMATION CREATED BY A.TAYSOM AUDIO SOURCE : WWW.LIVEATC.NET,metadata,"['MAP AND ANIMATION', 'CREATED BY', 'AUDIO SOURCE', 'WWW.', 'LIVEATC.NET']",
CmqNDJ9xI3k_seg001.wav,CmqNDJ9xI3k,1,ATC AUDIO YOUTUBE CHANNEL VISUALIZED,metadata,"['ATC AUDIO', 'YOUTUBE', 'CHANNEL', 'VISUALIZED']",
CmqNDJ9xI3k_seg002.wav,CmqNDJ9xI3k,2,MAP AND ANIMATION CREATED BY A. JENSEN AUDIO SOURCE: WWW.LIVEATC.NET,metadata,"['MAP AND ANIMATION', 'CREATED BY', 'AUDIO SOURCE', 'WWW.', 'LIVEATC.NET']",
DBDmmf38Yj8_seg001.wav,DBDmmf38Yj8,1,ATC AUDIO YOUTUBE CHANNEL,metadata,"['ATC AUDIO', 'YOUTUBE', 'CHANNEL']",
DBDmmf38Yj8_seg002.wav,DBDmmf38Yj8,2,MAP AND ANIMATION CREATED BY A. TAYSIN AUDIO SOURCE: WWW.LIVEATC.COM,metadata,"['MAP AND ANIMATION', 'CREATED BY', 'AUDIO SOURCE', 'WWW.', 'LIVEATC.COM']",
DCCTkYuslPM_seg001.wav,DCCTkYuslPM,1,ATC AUDIO,metadata,['ATC AUDIO'],
DCCTkYuslPM_seg002.wav,DCCTkYuslPM,2,YOUTUBE CHANNEL,metadata,"['YOUTUBE', 'CHANNEL']",
DhZgHU40PCA_seg001.wav,DhZgHU40PCA,1,ATC AUDIO,metadata,['ATC AUDIO'],
DhZgHU40PCA_seg002.wav,DhZgHU40PCA,2,YOUTUBE CHANNEL,metadata,"['YOUTUBE', 'CHANNEL']",
DhZgHU40PCA_seg003.wav,DhZgHU40PCA,3,VISUALIZED,metadata,['VISUALIZED'],
DhZgHU40PCA_seg004.wav,DhZgHU40PCA,4,MAP AND ANIMATION CREATED BY A. WYSIN,metadata,"['MAP AND ANIMATION', 'CREATED BY']",
DhZgHU40PCA_seg005.wav,DhZgHU40PCA,5,AUDIO SOURCE: WWW.LIVEATC.NET,metadata,"['AUDIO SOURCE', 'WWW.', 'LIVEATC.NET']",
Dubc-6bdZxc_seg001.wav,Dubc-6bdZxc,1,ATC AUDIO YOUTUBE CHANNEL VISUALIZED,metadata,"['ATC AUDIO', 'YOUTUBE', 'CHANNEL', 'VISUALIZED']",
E4Cv5IpJKPQ_seg001.wav,E4Cv5IpJKPQ,1,ATC AUDIO,metadata,['ATC AUDIO'],
E4Cv5IpJKPQ_seg002.wav,E4Cv5IpJKPQ,2,YOUTUBE CHANNEL,metadata,"['YOUTUBE', 'CHANNEL']",
E4Cv5IpJKPQ_seg003.wav,E4Cv5IpJKPQ,3,VISUALIZED,metadata,['VISUALIZED'],
E4Cv5IpJKPQ_seg004.wav,E4Cv5IpJKPQ,4,MAP AND ANIMATION CREATED BY A. TAYSON AUDIO SOURCE: WWW.LIVEATC.NET,metadata,"['MAP AND ANIMATION', 'CREATED BY', 'AUDIO SOURCE', 'WWW.', 'LIVEATC.NET']",
E4Cv5IpJKPQ_seg005.wav,E4Cv5IpJKPQ,5,ATC AUDIO,metadata,['ATC AUDIO'],
Ejkw20iXKvY_seg001.wav,Ejkw20iXKvY,1,ATC AUDIO YOUTUBE CHANNEL VISUALIZED,metadata,"['ATC AUDIO', 'YOUTUBE', 'CHANNEL', 'VISUALIZED']",
FLg5Oklyra4_seg001.wav,FLg5Oklyra4,1,ATC AUDIO YOUTUBE CHANNEL,metadata,"['ATC AUDIO', 'YOUTUBE', 'CHANNEL']",
FLg5Oklyra4_seg002.wav,FLg5Oklyra4,2,MAP AND ANIMATION CREATED BY: A. TAYSIN AUDIO SOURCE: WWW.LIVEATC.COM,metadata,"['MAP AND ANIMATION', 'CREATED BY', 'AUDIO SOURCE', 'WWW.', 'LIVEATC.COM']",
FXbHudKjY48_seg001.wav,FXbHudKjY48,1,ATC AUDIO YOUTUBE CHANNEL VISUALIZED,metadata,"['ATC AUDIO', 'YOUTUBE', 'CHANNEL', 'VISUALIZED']",
FXbHudKjY48_seg002.wav,FXbHudKjY48,2,MAP AND ANIMATION CREATED BY: A.TAYSON AUDIO SOURCE : WWW.LIVEATC.COM,metadata,"['MAP AND ANIMATION', 'CREATED BY', 'AUDIO SOURCE', 'WWW.', 'LIVEATC.COM']",
FkAPkC6DZ3o_seg001.wav,FkAPkC6DZ3o,1,ATC AUDIO YOUTUBE CHANNEL VISUALIZED,metadata,"['ATC AUDIO', 'YOUTUBE', 'CHANNEL', 'VISUALIZED']",
G7z06IGXOQE_seg001.wav,G7z06IGXOQE,1,ATC AUDIO,metadata,['ATC AUDIO'],
G7z06IGXOQE_seg002.wav,G7z06IGXOQE,2,YOUTUBE CHANNEL,metadata,"['YOUTUBE', 'CHANNEL']",
GVpfOvVgHtY_seg001.wav,GVpfOvVgHtY,1,MAP AND ANIMATION CREATED BY A. WYSEN AUDIO SOURCE: WWW.LIVEATC.NET,metadata,"['MAP AND ANIMATION', 'CREATED BY', 'AUDIO SOURCE', 'WWW.', 'LIVEATC.NET']",
Gn0Qb-1EHVc_seg001.wav,Gn0Qb-1EHVc,1,ATC AUDIO,metadata,['ATC AUDIO'],
Gn0Qb-1EHVc_seg002.wav,Gn0Qb-1EHVc,2,YOUTUBE CHANNEL,metadata,"['YOUTUBE', 'CHANNEL']",
Gn0Qb-1EHVc_seg003.wav,Gn0Qb-1EHVc,3,YOUTUBE CHANNEL,metadata,"['YOUTUBE', 'CHANNEL']",
Gn0Qb-1EHVc_seg004.wav,Gn0Qb-1EHVc,4,MAP AND ANIMATION CREATED BY A. WYSIN,metadata,"['MAP AND ANIMATION', 'CREATED BY']",
Gn0Qb-1EHVc_seg005.wav,Gn0Qb-1EHVc,5,AUDIO SOURCE: WWW.LIVEATC.NET,metadata,"['AUDIO SOURCE', 'WWW.', 'LIVEATC.NET']",
Gn0Qb-1EHVc_seg027.wav,Gn0Qb-1EHVc,27,MAP AND ANIMATION CREATED BY A. WYSIN,metadata,"['MAP AND ANIMATION', 'CREATED BY']",
Gn0Qb-1EHVc_seg028.wav,Gn0Qb-1EHVc,28,AUDIO SOURCE: WWW.LIVEATC.NET,metadata,"['AUDIO SOURCE', 'WWW.', 'LIVEATC.NET']",
HDjiZHsIEqM_seg001.wav,HDjiZHsIEqM,1,ATC AUDIO YOUTUBE CHANNEL VISUALIZED,metadata,"['ATC AUDIO', 'YOUTUBE', 'CHANNEL', 'VISUALIZED']",
HNvSUhHAv6s_seg001.wav,HNvSUhHAv6s,1,ATC AUDIO,metadata,['ATC AUDIO'],
HNvSUhHAv6s_seg002.wav,HNvSUhHAv6s,2,YOUTUBE CHANNEL,metadata,"['YOUTUBE', 'CHANNEL']",
HQ7xbvvf2p4_seg001.wav,HQ7xbvvf2p4,1,ATC AUDIO YOUTUBE CHANNEL VISUALIZED,metadata,"['ATC AUDIO', 'YOUTUBE', 'CHANNEL', 'VISUALIZED']",
HQ7xbvvf2p4_seg002.wav,HQ7xbvvf2p4,2,MAP AND ANIMATION CREATED BY A.TAYSIN,metadata,"['MAP AND ANIMATION', 'CREATED BY']",
HQ7xbvvf2p4_seg003.wav,HQ7xbvvf2p4,3,AUDIO SOURCE : WWW.LIVEATC.COM,metadata,"['AUDIO SOURCE', 'WWW.', 'LIVEATC.COM']",
Hf07Tm4ioGc_seg001.wav,Hf07Tm4ioGc,1,ATC AUDIO YOUTUBE CHANNEL VISUALIZED,metadata,"['ATC AUDIO', 'YOUTUBE', 'CHANNEL', 'VISUALIZED']",
ICiLE_8fSec_seg001.wav,ICiLE_8fSec,1,ATC AUDIO,metadata,['ATC AUDIO'],
ICiLE_8fSec_seg002.wav,ICiLE_8fSec,2,YOUTUBE CHANNEL,metadata,"['YOUTUBE', 'CHANNEL']",
ICiLE_8fSec_seg003.wav,ICiLE_8fSec,3,VISUALIZED,metadata,['VISUALIZED'],
INDEIDHGRro_seg001.wav,INDEIDHGRro,1,ATC AUDIO YOUTUBE CHANNEL,metadata,"['ATC AUDIO', 'YOUTUBE', 'CHANNEL']",
INDEIDHGRro_seg002.wav,INDEIDHGRro,2,MAP AND ANIMATION CREATED BY A. TEYSSN AUDIO SOURCE: WWW.LIVEATC.NET,metadata,"['MAP AND ANIMATION', 'CREATED BY', 'AUDIO SOURCE', 'WWW.', 'LIVEATC.NET']",
IViwNw3ZgLE_seg001.wav,IViwNw3ZgLE,1,ATC AUDIO,metadata,['ATC AUDIO'],
IViwNw3ZgLE_seg002.wav,IViwNw3ZgLE,2,YOUTUBE CHANNEL,metadata,"['YOUTUBE', 'CHANNEL']",
IViwNw3ZgLE_seg003.wav,IViwNw3ZgLE,3,VISUALIZED,metadata,['VISUALIZED'],
IViwNw3ZgLE_seg004.wav,IViwNw3ZgLE,4,MAP AND ANIMATION CREATED BY A. VEYSIN,metadata,"['MAP AND ANIMATION', 'CREATED BY']",
InMJeesfxOE_seg001.wav,InMJeesfxOE,1,ATC AUDIO YOUTUBE CHANNEL VISUALIZED,metadata,"['ATC AUDIO', 'YOUTUBE', 'CHANNEL', 'VISUALIZED']",
JNUvfkupHqk_seg001.wav,JNUvfkupHqk,1,ATC AUDIO YOUTUBE CHANNEL,metadata,"['ATC AUDIO', 'YOUTUBE', 'CHANNEL']",
JNUvfkupHqk_seg002.wav,JNUvfkupHqk,2,MAP AND ANIMATION CREATED BY A. WEYSN AUDIO SOURCE: WWW.LIVEATC.NET,metadata,"['MAP AND ANIMATION', 'CREATED BY', 'AUDIO SOURCE', 'WWW.', 'LIVEATC.NET']",
JRYYHaZU06c_seg001.wav,JRYYHaZU06c,1,ATC AUDIO YOUTUBE CHANNEL VISUALIZED,metadata,"['ATC AUDIO', 'YOUTUBE', 'CHANNEL', 'VISUALIZED']",
JRYYHaZU06c_seg002.wav,JRYYHaZU06c,2,MAP AND ANIMATION CREATED BY A. SEYSEN AUDIO SOURCE: WWW.LIVEATC.NET,metadata,"['MAP AND ANIMATION', 'CREATED BY', 'AUDIO SOURCE', 'WWW.', 'LIVEATC.NET']",
Jgw4na3VXDg_seg001.wav,Jgw4na3VXDg,1,ATC AUDIO YOUTUBE CHANNEL VISUALIZED,metadata,"['ATC AUDIO', 'YOUTUBE', 'CHANNEL', 'VISUALIZED']",
JlRYVTVmSa0_seg001.wav,JlRYVTVmSa0,1,ATC AUDIO YOUTUBE CHANNEL VISUALIZED,metadata,"['ATC AUDIO', 'YOUTUBE', 'CHANNEL', 'VISUALIZED']",
JlRYVTVmSa0_seg002.wav,JlRYVTVmSa0,2,MAP AND ANIMATION CREATED BY A. WYSEN AUDIO SOURCE: WWW.LIVEATC.NET,metadata,"['MAP AND ANIMATION', 'CREATED BY', 'AUDIO SOURCE', 'WWW.', 'LIVEATC.NET']",
KB-qpKfu_wM_seg001.wav,KB-qpKfu_wM,1,ATC AUDIO YOUTUBE CHANNEL,metadata,"['ATC AUDIO', 'YOUTUBE', 'CHANNEL']",
KB-qpKfu_wM_seg002.wav,KB-qpKfu_wM,2,MAP AND ANIMATION CREATED BY A. TAYSOM AUDIO SOURCE: WWW.LIVEATC.COM,metadata,"['MAP AND ANIMATION', 'CREATED BY', 'AUDIO SOURCE', 'WWW.', 'LIVEATC.COM']",
KB-qpKfu_wM_seg003.wav,KB-qpKfu_wM,3,ATC AUDIO,metadata,['ATC AUDIO'],
KPoyUGy8X8c_seg001.wav,KPoyUGy8X8c,1,ATC AUDIO,metadata,['ATC AUDIO'],
KPoyUGy8X8c_seg002.wav,KPoyUGy8X8c,2,YOUTUBE CHANNEL,metadata,"['YOUTUBE', 'CHANNEL']",
Ka0aoi979rw_seg001.wav,Ka0aoi979rw,1,ATC AUDIO YOUTUBE CHANNEL VISUALIZED,metadata,"['ATC AUDIO', 'YOUTUBE', 'CHANNEL', 'VISUALIZED']",
Ka0aoi979rw_seg002.wav,Ka0aoi979rw,2,MAP AND ANIMATION CREATED BY A.TAYSIN AUDIO SOURCE : WWW.LIVEATC.COM ATCAUDIO,metadata,"['MAP AND ANIMATION', 'CREATED BY', 'AUDIO SOURCE', 'WWW.', 'LIVEATC.COM', 'ATCAUDIO']",
L5OMl6ec4eY_seg001.wav,L5OMl6ec4eY,1,ATC AUDIO YOUTUBE CHANNEL,metadata,"['ATC AUDIO', 'YOUTUBE', 'CHANNEL']",
LZrYbabxKro_seg001.wav,LZrYbabxKro,1,ATC AUDIO YOUTUBE CHANNEL VISUALIZED,metadata,"['ATC AUDIO', 'YOUTUBE', 'CHANNEL', 'VISUALIZED']",
LZrYbabxKro_seg002.wav,LZrYbabxKro,2,MAP AND ANIMATION CREATED BY A. WYSEN AUDIO SOURCE: WWW.LIVEATC.NET,metadata,"['MAP AND ANIMATION', 'CREATED BY', 'AUDIO SOURCE', 'WWW.', 'LIVEATC.NET']",
M5XVxEslp1U_seg001.wav,M5XVxEslp1U,1,ATC AUDIO YOUTUBE CHANNEL,metadata,"['ATC AUDIO', 'YOUTUBE', 'CHANNEL']",
MOus-WKpcH4_seg001.wav,MOus-WKpcH4,1,ATC AUDIO YOUTUBE CHANNEL,metadata,"['ATC AUDIO', 'YOUTUBE', 'CHANNEL']",
MOus-WKpcH4_seg002.wav,MOus-WKpcH4,2,MAP AND ANIMATION CREATED BY A. TEYSSN AUDIO SOURCE: WWW.LIVEATC.NET,metadata,"['MAP AND ANIMATION', 'CREATED BY', 'AUDIO SOURCE', 'WWW.', 'LIVEATC.NET']",
MmIpPcE35VA_seg001.wav,MmIpPcE35VA,1,ATC AUDIO YOUTUBE CHANNEL,metadata,"['ATC AUDIO', 'YOUTUBE', 'CHANNEL']",
MmIpPcE35VA_seg002.wav,MmIpPcE35VA,2,MAP AND ANIMATION CREATED BY A.TRYSIN,metadata,"['MAP AND ANIMATION', 'CREATED BY']",
MmIpPcE35VA_seg003.wav,MmIpPcE35VA,3,AUDIO SOURCE: WWW.LIVEATC.COM,metadata,"['AUDIO SOURCE', 'WWW.', 'LIVEATC.COM']",
N00v0cgqXpw_seg001.wav,N00v0cgqXpw,1,ATC AUDIO YOUTUBE CHANNEL,metadata,"['ATC AUDIO', 'YOUTUBE', 'CHANNEL']",
N3c_5zbHTts_seg001.wav,N3c_5zbHTts,1,ATC AUDIO YOUTUBE CHANNEL,metadata,"['ATC AUDIO', 'YOUTUBE', 'CHANNEL']",
NNA8I0URzVo_seg001.wav,NNA8I0URzVo,1,ATC AUDIO YOUTUBE CHANNEL VISUALIZED,metadata,"['ATC AUDIO', 'YOUTUBE', 'CHANNEL', 'VISUALIZED']",
NNA8I0URzVo_seg002.wav,NNA8I0URzVo,2,MAP AND ANIMATION CREATED BY A. TRYASN AUDIO SOURCE: WWW.LIVEATC.NET,metadata,"['MAP AND ANIMATION', 'CREATED BY', 'AUDIO SOURCE', 'WWW.', 'LIVEATC.NET']",
NNA8I0URzVo_seg003.wav,NNA8I0URzVo,3,ATCAUDIO,metadata,['ATCAUDIO'],
NWIYQsydFwE_seg001.wav,NWIYQsydFwE,1,ATC AUDIO YOUTUBE CHANNEL VISUALIZED,metadata,"['ATC AUDIO', 'YOUTUBE', 'CHANNEL', 'VISUALIZED']",
NWIYQsydFwE_seg002.wav,NWIYQsydFwE,2,MAP AND ANIMATION CREATED BY A. TEYSSEN AUDIO SOURCE: WWW.LIVEATC.NET ATC AUDIO KBWI BALTIMORE/WASHINGTON INTERNATIONAL THURGOOD MARSHALL AIRPORT,metadata,"['ATC AUDIO', 'MAP AND ANIMATION', 'CREATED BY', 'AUDIO SOURCE', 'WWW.', 'LIVEATC.NET']",
NyN8obTO2nA_seg001.wav,NyN8obTO2nA,1,ATC AUDIO YOUTUBE CHANNEL,metadata,"['ATC AUDIO', 'YOUTUBE', 'CHANNEL']",
NyN8obTO2nA_seg002.wav,NyN8obTO2nA,2,MAP AND ANIMATION CREATED BY A. WYSEN AUDIO SOURCE: WWW.LIVEATC.NET,metadata,"['MAP AND ANIMATION', 'CREATED BY', 'AUDIO SOURCE', 'WWW.', 'LIVEATC.NET']",
PDwGEPBjLMU_seg001.wav,PDwGEPBjLMU,1,ATC AUDIO YOUTUBE CHANNEL VISUALIZED,metadata,"['ATC AUDIO', 'YOUTUBE', 'CHANNEL', 'VISUALIZED']",
PDwGEPBjLMU_seg002.wav,PDwGEPBjLMU,2,MAP AND ANIMATION CREATED BY A. WYSIN AUDIO SOURCE: WWW.LIVEATC.NET,metadata,"['MAP AND ANIMATION', 'CREATED BY', 'AUDIO SOURCE', 'WWW.', 'LIVEATC.NET']",
PDwGEPBjLMU_seg003.wav,PDwGEPBjLMU,3,ATC AUDIO,metadata,['ATC AUDIO'],
PxNjKHBz7Ko_seg001.wav,PxNjKHBz7Ko,1,ATC AUDIO YOUTUBE CHANNEL VISUALIZED,metadata,"['ATC AUDIO', 'YOUTUBE', 'CHANNEL', 'VISUALIZED']",
PxNjKHBz7Ko_seg002.wav,PxNjKHBz7Ko,2,MAP AND ANIMATION CREATED BY A. RYDSIN AUDIO SOURCE: WWW.LIVEATC.NET,metadata,"['MAP AND ANIMATION', 'CREATED BY', 'AUDIO SOURCE', 'WWW.', 'LIVEATC.NET']",
PxNjKHBz7Ko_seg003.wav,PxNjKHBz7Ko,3,ATC AUDIO,metadata,['ATC AUDIO'],
QVXT02h8XYw_seg001.wav,QVXT02h8XYw,1,ATC AUDIO,metadata,['ATC AUDIO'],
QVXT02h8XYw_seg002.wav,QVXT02h8XYw,2,YOUTUBE CHANNEL,metadata,"['YOUTUBE', 'CHANNEL']",
QcGvRNjiFuo_seg001.wav,QcGvRNjiFuo,1,ATC AUDIO YOUTUBE CHANNEL,metadata,"['ATC AUDIO', 'YOUTUBE', 'CHANNEL']",
RsTlGMivgE0_seg001.wav,RsTlGMivgE0,1,ATC AUDIO YOUTUBE CHANNEL VISUALIZED,metadata,"['ATC AUDIO', 'YOUTUBE', 'CHANNEL', 'VISUALIZED']",
RsTlGMivgE0_seg002.wav,RsTlGMivgE0,2,MAP AND ANIMATION CREATED BY A.TAYFUN AUDIO SOURCE: WWW.LIVEATC.COM ATC AUDIO,metadata,"['ATC AUDIO', 'MAP AND ANIMATION', 'CREATED BY', 'AUDIO SOURCE', 'WWW.', 'LIVEATC.COM']",
SdmbAhb60ec_seg001.wav,SdmbAhb60ec,1,ATC AUDIO,metadata,['ATC AUDIO'],
SdmbAhb60ec_seg002.wav,SdmbAhb60ec,2,YOUTUBE CHANNEL,metadata,"['YOUTUBE', 'CHANNEL']",
SdmbAhb60ec_seg003.wav,SdmbAhb60ec,3,MAP AND ANIMATION CREATED BY A. TEYSSEN AUDIO SOURCE: WWW.LIVEATC.NET,metadata,"['MAP AND ANIMATION', 'CREATED BY', 'AUDIO SOURCE', 'WWW.', 'LIVEATC.NET']",
T7cOqqlzOZ8_seg001.wav,T7cOqqlzOZ8,1,ATC AUDIO YOUTUBE CHANNEL,metadata,"['ATC AUDIO', 'YOUTUBE', 'CHANNEL']",
TFM-mNm9-VE_seg001.wav,TFM-mNm9-VE,1,ATC AUDIO YOUTUBE CHANNEL,metadata,"['ATC AUDIO', 'YOUTUBE', 'CHANNEL']",
TFM-mNm9-VE_seg002.wav,TFM-mNm9-VE,2,MAP AND ANIMATION CREATED BY A. IVYSYN AUDIO SOURCE: WWW.LIVEATC.NET,metadata,"['MAP AND ANIMATION', 'CREATED BY', 'AUDIO SOURCE', 'WWW.', 'LIVEATC.NET']",
THSsK2JppAg_seg001.wav,THSsK2JppAg,1,ATC AUDIO YOUTUBE CHANNEL,metadata,"['ATC AUDIO', 'YOUTUBE', 'CHANNEL']",
TsIHUfiOHbQ_seg001.wav,TsIHUfiOHbQ,1,ATC AUDIO YOUTUBE CHANNEL,metadata,"['ATC AUDIO', 'YOUTUBE', 'CHANNEL']",
TsIHUfiOHbQ_seg002.wav,TsIHUfiOHbQ,2,MAP AND ANIMATION CREATED BY A.TAYSIN AUDIO SOURCE: WWW.LIVEATC.COM,metadata,"['MAP AND ANIMATION', 'CREATED BY', 'AUDIO SOURCE', 'WWW.', 'LIVEATC.COM']",
TvOOvCLCtLc_seg001.wav,TvOOvCLCtLc,1,ATC AUDIO YOUTUBE CHANNEL VISUALIZED,metadata,"['ATC AUDIO', 'YOUTUBE', 'CHANNEL', 'VISUALIZED']",
TvOOvCLCtLc_seg002.wav,TvOOvCLCtLc,2,ATC AUDIO,metadata,['ATC AUDIO'],
V-rBYrIegiM_seg001.wav,V-rBYrIegiM,1,ATC AUDIO,metadata,['ATC AUDIO'],
V-rBYrIegiM_seg002.wav,V-rBYrIegiM,2,YOUTUBE CHANNEL,metadata,"['YOUTUBE', 'CHANNEL']",
V4bDGZM8r2U_seg001.wav,V4bDGZM8r2U,1,ATC AUDIO YOUTUBE CHANNEL,metadata,"['ATC AUDIO', 'YOUTUBE', 'CHANNEL']",
V4bDGZM8r2U_seg002.wav,V4bDGZM8r2U,2,MAP AND ANIMATION CREATED BY A. WYSEN,metadata,"['MAP AND ANIMATION', 'CREATED BY']",
VMdu1qEGJhQ_seg001.wav,VMdu1qEGJhQ,1,ATC AUDIO YOUTUBE CHANNEL VISUALIZED,metadata,"['ATC AUDIO', 'YOUTUBE', 'CHANNEL', 'VISUALIZED']",
VStS2L_4BtA_seg001.wav,VStS2L_4BtA,1,ATC AUDIO YOUTUBE CHANNEL VISUALIZED,metadata,"['ATC AUDIO', 'YOUTUBE', 'CHANNEL', 'VISUALIZED']",
VYqtNNt8Qy8_seg001.wav,VYqtNNt8Qy8,1,ATC AUDIO YOUTUBE CHANNEL,metadata,"['ATC AUDIO', 'YOUTUBE', 'CHANNEL']",
VYqtNNt8Qy8_seg002.wav,VYqtNNt8Qy8,2,MAP AND VISUALIZATION CREATED BY A. WYSEN AUDIO SOURCE: WWW.LIVEATC.NET,metadata,"['CREATED BY', 'AUDIO SOURCE', 'WWW.', 'LIVEATC.NET']",
Vj3EhETpBio_seg001.wav,Vj3EhETpBio,1,ATC AUDIO YOUTUBE CHANNEL,metadata,"['ATC AUDIO', 'YOUTUBE', 'CHANNEL']",
WLNRBgQ2p00_seg001.wav,WLNRBgQ2p00,1,ATC AUDIO,metadata,['ATC AUDIO'],
WLNRBgQ2p00_seg002.wav,WLNRBgQ2p00,2,YOUTUBE CHANNEL,metadata,"['YOUTUBE', 'CHANNEL']",
WLNRBgQ2p00_seg003.wav,WLNRBgQ2p00,3,VISUALIZED,metadata,['VISUALIZED'],
WLNRBgQ2p00_seg004.wav,WLNRBgQ2p00,4,MAP AND ANIMATION CREATED BY A. WYSEN,metadata,"['MAP AND ANIMATION', 'CREATED BY']",
WLNRBgQ2p00_seg005.wav,WLNRBgQ2p00,5,AUDIO SOURCE: WWW.LIVEATC.NET,metadata,"['AUDIO SOURCE', 'WWW.', 'LIVEATC.NET']",
WLNRBgQ2p00_seg006.wav,WLNRBgQ2p00,6,ATC AUDIO,metadata,['ATC AUDIO'],
Wj0cTtaqqis_seg001.wav,Wj0cTtaqqis,1,ATC AUDIO YOUTUBE CHANNEL VISUALIZED,metadata,"['ATC AUDIO', 'YOUTUBE', 'CHANNEL', 'VISUALIZED']",
Wj0cTtaqqis_seg002.wav,Wj0cTtaqqis,2,MAP AND ANIMATION CREATED BY A. WYSIN AUDIO SOURCE: WWW.LIVEATC.NET,metadata,"['MAP AND ANIMATION', 'CREATED BY', 'AUDIO SOURCE', 'WWW.', 'LIVEATC.NET']",
XFOwEscSdRc_seg001.wav,XFOwEscSdRc,1,ATC AUDIO,metadata,['ATC AUDIO'],
XFOwEscSdRc_seg002.wav,XFOwEscSdRc,2,YOUTUBE CHANNEL,metadata,"['YOUTUBE', 'CHANNEL']",
XFOwEscSdRc_seg003.wav,XFOwEscSdRc,3,VISUALIZED,metadata,['VISUALIZED'],
XFOwEscSdRc_seg004.wav,XFOwEscSdRc,4,MAP AND ANIMATION CREATED BY A.TAYSIN,metadata,"['MAP AND ANIMATION', 'CREATED BY']",
XFOwEscSdRc_seg005.wav,XFOwEscSdRc,5,AUDIO SOURCE: WWW.LIVEATC.COM,metadata,"['AUDIO SOURCE', 'WWW.', 'LIVEATC.COM']",
XFOwEscSdRc_seg006.wav,XFOwEscSdRc,6,ATCAUDIO,metadata,['ATCAUDIO'],
XGbn6Ytnlno_seg001.wav,XGbn6Ytnlno,1,ATC AUDIO YOUTUBE CHANNEL,metadata,"['ATC AUDIO', 'YOUTUBE', 'CHANNEL']",
XGbn6Ytnlno_seg002.wav,XGbn6Ytnlno,2,MAP AND ANIMATION CREATED BY A. WYSEN AUDIO SOURCE: WWW.LIVEATC.NET,metadata,"['MAP AND ANIMATION', 'CREATED BY', 'AUDIO SOURCE', 'WWW.', 'LIVEATC.NET']",
XyTFbbtCf44_seg001.wav,XyTFbbtCf44,1,ATC AUDIO YOUTUBE CHANNEL,metadata,"['ATC AUDIO', 'YOUTUBE', 'CHANNEL']",
XyTFbbtCf44_seg002.wav,XyTFbbtCf44,2,MAP AND ANIMATION CREATED BY A. VEYSEN AUDIO SOURCE: WWW.LIVEATC.NET,metadata,"['MAP AND ANIMATION', 'CREATED BY', 'AUDIO SOURCE', 'WWW.', 'LIVEATC.NET']",
YKNEOXiTrb4_seg001.wav,YKNEOXiTrb4,1,ATC AUDIO,metadata,['ATC AUDIO'],
YKNEOXiTrb4_seg002.wav,YKNEOXiTrb4,2,YOUTUBE CHANNEL,metadata,"['YOUTUBE', 'CHANNEL']",
YKNEOXiTrb4_seg003.wav,YKNEOXiTrb4,3,YOUTUBE CHANNEL,metadata,"['YOUTUBE', 'CHANNEL']",
YKNEOXiTrb4_seg004.wav,YKNEOXiTrb4,4,VISUALIZED,metadata,['VISUALIZED'],
YKNEOXiTrb4_seg005.wav,YKNEOXiTrb4,5,ATC AUDIO,metadata,['ATC AUDIO'],
YKNEOXiTrb4_seg006.wav,YKNEOXiTrb4,6,YOUTUBE CHANNEL,metadata,"['YOUTUBE', 'CHANNEL']",
YKNEOXiTrb4_seg007.wav,YKNEOXiTrb4,7,YOUTUBE CHANNEL,metadata,"['YOUTUBE', 'CHANNEL']",
YKNEOXiTrb4_seg008.wav,YKNEOXiTrb4,8,MAP AND ANIMATION CREATED BY A. WYSEN,metadata,"['MAP AND ANIMATION', 'CREATED BY']",
YKNEOXiTrb4_seg009.wav,YKNEOXiTrb4,9,AUDIO SOURCE: WWW.LIVEATC.NET,metadata,"['AUDIO SOURCE', 'WWW.', 'LIVEATC.NET']",
YKNEOXiTrb4_seg010.wav,YKNEOXiTrb4,10,ATC AUDIO,metadata,['ATC AUDIO'],
YMUoMHN5U6g_seg001.wav,YMUoMHN5U6g,1,ATC AUDIO YOUTUBE CHANNEL VISUALIZED,metadata,"['ATC AUDIO', 'YOUTUBE', 'CHANNEL', 'VISUALIZED']",
YY41x1LwXqw_seg001.wav,YY41x1LwXqw,1,ATC AUDIO YOUTUBE CHANNEL VISUALIZED,metadata,"['ATC AUDIO', 'YOUTUBE', 'CHANNEL', 'VISUALIZED']",
YY41x1LwXqw_seg002.wav,YY41x1LwXqw,2,MAP AND ANIMATION CREATED BY A. TEYSSEN AUDIO SOURCE: WWW.LIVEATC.NET,metadata,"['MAP AND ANIMATION', 'CREATED BY', 'AUDIO SOURCE', 'WWW.', 'LIVEATC.NET']",
ZBDh_94Yu_Y_seg001.wav,ZBDh_94Yu_Y,1,ATC AUDIO YOUTUBE CHANNEL,metadata,"['ATC AUDIO', 'YOUTUBE', 'CHANNEL']",
ZBDh_94Yu_Y_seg002.wav,ZBDh_94Yu_Y,2,VISUALIZED,metadata,['VISUALIZED'],
ZBDh_94Yu_Y_seg003.wav,ZBDh_94Yu_Y,3,MAP AND ANIMATION CREATED BY A. IVYSYN AUDIO SOURCE: WWW.LIVEATC.NET,metadata,"['MAP AND ANIMATION', 'CREATED BY', 'AUDIO SOURCE', 'WWW.', 'LIVEATC.NET']",
ZVZgxe-Xwgg_seg001.wav,ZVZgxe-Xwgg,1,ATC AUDIO YOUTUBE CHANNEL,metadata,"['ATC AUDIO', 'YOUTUBE', 'CHANNEL']",
_BGT3FqkKQs_seg001.wav,_BGT3FqkKQs,1,ATC AUDIO,metadata,['ATC AUDIO'],
_BGT3FqkKQs_seg002.wav,_BGT3FqkKQs,2,YOUTUBE CHANNEL,metadata,"['YOUTUBE', 'CHANNEL']",
_BGT3FqkKQs_seg003.wav,_BGT3FqkKQs,3,VISUALIZED,metadata,['VISUALIZED'],
_BGT3FqkKQs_seg004.wav,_BGT3FqkKQs,4,MAP AND ANIMATION CREATED BY A. VEYSIN,metadata,"['MAP AND ANIMATION', 'CREATED BY']",
_BGT3FqkKQs_seg005.wav,_BGT3FqkKQs,5,AUDIO SOURCE: WWW.LIVEATC.NET,metadata,"['AUDIO SOURCE', 'WWW.', 'LIVEATC.NET']",
_YEOkJ0WdhE_seg001.wav,_YEOkJ0WdhE,1,ATC AUDIO,metadata,['ATC AUDIO'],
_YEOkJ0WdhE_seg002.wav,_YEOkJ0WdhE,2,ATC AUDIO,metadata,['ATC AUDIO'],
_YEOkJ0WdhE_seg003.wav,_YEOkJ0WdhE,3,YOUTUBE CHANNEL,metadata,"['YOUTUBE', 'CHANNEL']",
_YEOkJ0WdhE_seg004.wav,_YEOkJ0WdhE,4,VISUALIZED,metadata,['VISUALIZED'],
_YEOkJ0WdhE_seg005.wav,_YEOkJ0WdhE,5,MAP AND ANIMATION CREATED BY A. VEYSIN,metadata,"['MAP AND ANIMATION', 'CREATED BY']",
_YEOkJ0WdhE_seg006.wav,_YEOkJ0WdhE,6,AUDIO SOURCE: WWW.LIVEATC.NET,metadata,"['AUDIO SOURCE', 'WWW.', 'LIVEATC.NET']",
_YEOkJ0WdhE_seg007.wav,_YEOkJ0WdhE,7,ATC AUDIO,metadata,['ATC AUDIO'],
a17cWqMffAA_seg001.wav,a17cWqMffAA,1,ATC AUDIO,metadata,['ATC AUDIO'],
a17cWqMffAA_seg002.wav,a17cWqMffAA,2,YOUTUBE CHANNEL,metadata,"['YOUTUBE', 'CHANNEL']",
a17cWqMffAA_seg003.wav,a17cWqMffAA,3,VISUALIZED,metadata,['VISUALIZED'],
aYQDFSratyw_seg001.wav,aYQDFSratyw,1,ATC AUDIO YOUTUBE CHANNEL VISUALIZED,metadata,"['ATC AUDIO', 'YOUTUBE', 'CHANNEL', 'VISUALIZED']",
aYQDFSratyw_seg002.wav,aYQDFSratyw,2,MAP AND ANIMATION CREATED BY A. WYSEN,metadata,"['MAP AND ANIMATION', 'CREATED BY']",
aYQDFSratyw_seg003.wav,aYQDFSratyw,3,AUDIO SOURCE: WWW.LIVEATC.NET,metadata,"['AUDIO SOURCE', 'WWW.', 'LIVEATC.NET']",
aZrkoQgQJgY_seg001.wav,aZrkoQgQJgY,1,ATC AUDIO,metadata,['ATC AUDIO'],
aZrkoQgQJgY_seg002.wav,aZrkoQgQJgY,2,YOUTUBE CHANNEL,metadata,"['YOUTUBE', 'CHANNEL']",
aZrkoQgQJgY_seg003.wav,aZrkoQgQJgY,3,VISUALIZED,metadata,['VISUALIZED'],
aZrkoQgQJgY_seg004.wav,aZrkoQgQJgY,4,MAP AND ANIMATION CREATED BY A.TAYSON,metadata,"['MAP AND ANIMATION', 'CREATED BY']",
aZrkoQgQJgY_seg005.wav,aZrkoQgQJgY,5,AUDIO SOURCE - WWW.LIVEATC.COM,metadata,"['AUDIO SOURCE', 'WWW.', 'LIVEATC.COM']",
b94AAmIQKyw_seg001.wav,b94AAmIQKyw,1,ATC AUDIO YOUTUBE CHANNEL,metadata,"['ATC AUDIO', 'YOUTUBE', 'CHANNEL']",
bFHCpTUpj9M_seg001.wav,bFHCpTUpj9M,1,ATC AUDIO,metadata,['ATC AUDIO'],
bFHCpTUpj9M_seg002.wav,bFHCpTUpj9M,2,YOUTUBE CHANNEL,metadata,"['YOUTUBE', 'CHANNEL']",
bFHCpTUpj9M_seg003.wav,bFHCpTUpj9M,3,VISUALIZED,metadata,['VISUALIZED'],
bFHCpTUpj9M_seg004.wav,bFHCpTUpj9M,4,MAP AND ANIMATION CREATED BY A.TAYSON,metadata,"['MAP AND ANIMATION', 'CREATED BY']",
bFHCpTUpj9M_seg005.wav,bFHCpTUpj9M,5,AUDIO SOURCE: WWW.LIVEATC.COM,metadata,"['AUDIO SOURCE', 'WWW.', 'LIVEATC.COM']",
bFHCpTUpj9M_seg006.wav,bFHCpTUpj9M,6,ATCAUDIO,metadata,['ATCAUDIO'],
d8re81dbN0o_seg001.wav,d8re81dbN0o,1,ATC AUDIO YOUTUBE CHANNEL,metadata,"['ATC AUDIO', 'YOUTUBE', 'CHANNEL']",
e5QqaQdqHFc_seg001.wav,e5QqaQdqHFc,1,ATC AUDIO,metadata,['ATC AUDIO'],
e5QqaQdqHFc_seg002.wav,e5QqaQdqHFc,2,YOUTUBE CHANNEL,metadata,"['YOUTUBE', 'CHANNEL']",
e5QqaQdqHFc_seg003.wav,e5QqaQdqHFc,3,VISUALIZED,metadata,['VISUALIZED'],
eS0-dt29bpA_seg001.wav,eS0-dt29bpA,1,ATC AUDIO,metadata,['ATC AUDIO'],
eS0-dt29bpA_seg002.wav,eS0-dt29bpA,2,YOUTUBE CHANNEL,metadata,"['YOUTUBE', 'CHANNEL']",
eS0-dt29bpA_seg003.wav,eS0-dt29bpA,3,VISUALIZED,metadata,['VISUALIZED'],
eiwbcg7ivew_seg001.wav,eiwbcg7ivew,1,ATC AUDIO,metadata,['ATC AUDIO'],
eiwbcg7ivew_seg002.wav,eiwbcg7ivew,2,YOUTUBE CHANNEL,metadata,"['YOUTUBE', 'CHANNEL']",
ex4fsWDTptk_seg001.wav,ex4fsWDTptk,1,ATC AUDIO,metadata,['ATC AUDIO'],
ex4fsWDTptk_seg002.wav,ex4fsWDTptk,2,YOUTUBE CHANNEL,metadata,"['YOUTUBE', 'CHANNEL']",
f0teThbdAKI_seg001.wav,f0teThbdAKI,1,MAP AND ANIMATION CREATED BY A. TAYSIN,metadata,"['MAP AND ANIMATION', 'CREATED BY']",
f0teThbdAKI_seg002.wav,f0teThbdAKI,2,AUDIO SOURCE : WWW.LIVEATC.COM,metadata,"['AUDIO SOURCE', 'WWW.', 'LIVEATC.COM']",
fF_Zd3doJ20_seg001.wav,fF_Zd3doJ20,1,ATC AUDIO,metadata,['ATC AUDIO'],
fnWIP7H1JJs_seg001.wav,fnWIP7H1JJs,1,ATC AUDIO YOUTUBE CHANNEL VISUALIZED,metadata,"['ATC AUDIO', 'YOUTUBE', 'CHANNEL', 'VISUALIZED']",
fnWIP7H1JJs_seg002.wav,fnWIP7H1JJs,2,MAP AND ANIMATION CREATED BY A. VEYSIN AUDIO SOURCE: WWW.LIVEATC.NET ATC AUDIO,metadata,"['ATC AUDIO', 'MAP AND ANIMATION', 'CREATED BY', 'AUDIO SOURCE', 'WWW.', 'LIVEATC.NET']",
fqZyFyvOihM_seg001.wav,fqZyFyvOihM,1,ATC AUDIO YOUTUBE CHANNEL,metadata,"['ATC AUDIO', 'YOUTUBE', 'CHANNEL']",
fqksLAnRyVU_seg001.wav,fqksLAnRyVU,1,ATC AUDIO,metadata,['ATC AUDIO'],
fqksLAnRyVU_seg002.wav,fqksLAnRyVU,2,YOUTUBE CHANNEL,metadata,"['YOUTUBE', 'CHANNEL']",
fqksLAnRyVU_seg003.wav,fqksLAnRyVU,3,ATC AUDIO,metadata,['ATC AUDIO'],
fqksLAnRyVU_seg004.wav,fqksLAnRyVU,4,YOUTUBE CHANNEL,metadata,"['YOUTUBE', 'CHANNEL']",
fqksLAnRyVU_seg005.wav,fqksLAnRyVU,5,MAP AND ANIMATION CREATED BY A. TEYSSEN,metadata,"['MAP AND ANIMATION', 'CREATED BY']",
fqksLAnRyVU_seg006.wav,fqksLAnRyVU,6,AUDIO SOURCE: WWW.LIVEATC.NET,metadata,"['AUDIO SOURCE', 'WWW.', 'LIVEATC.NET']",
fqksLAnRyVU_seg007.wav,fqksLAnRyVU,7,ATCAUDIO,metadata,['ATCAUDIO'],
fruN_EEKRLE_seg001.wav,fruN_EEKRLE,1,ATC AUDIO,metadata,['ATC AUDIO'],
fruN_EEKRLE_seg002.wav,fruN_EEKRLE,2,YOUTUBE CHANNEL,metadata,"['YOUTUBE', 'CHANNEL']",
fruN_EEKRLE_seg003.wav,fruN_EEKRLE,3,VISUALIZED,metadata,['VISUALIZED'],
fruN_EEKRLE_seg004.wav,fruN_EEKRLE,4,MAP AND ANIMATION CREATED BY A. VEYSN,metadata,"['MAP AND ANIMATION', 'CREATED BY']",
fruN_EEKRLE_seg005.wav,fruN_EEKRLE,5,AUDIO SOURCE: WWW.LIVEATC.NET,metadata,"['AUDIO SOURCE', 'WWW.', 'LIVEATC.NET']",
fwbyr8TN--U_seg001.wav,fwbyr8TN--U,1,ATC AUDIO,metadata,['ATC AUDIO'],
fwbyr8TN--U_seg002.wav,fwbyr8TN--U,2,YOUTUBE CHANNEL,metadata,"['YOUTUBE', 'CHANNEL']",
fwbyr8TN--U_seg003.wav,fwbyr8TN--U,3,MAP AND ANIMATION CREATED BY A. WYSEN AUDIO SOURCE: WWW.LIVEATC.NET,metadata,"['MAP AND ANIMATION', 'CREATED BY', 'AUDIO SOURCE', 'WWW.', 'LIVEATC.NET']",
fwbyr8TN--U_seg007.wav,fwbyr8TN--U,7,MAP AND ANIMATION CREATED BY A. WYSEN AUDIO SOURCE: WWW.LIVEATC.NET,metadata,"['MAP AND ANIMATION', 'CREATED BY', 'AUDIO SOURCE', 'WWW.', 'LIVEATC.NET']",
fwbyr8TN--U_seg012.wav,fwbyr8TN--U,12,MAP AND ANIMATION CREATED BY A. WYSEN AUDIO SOURCE: WWW.LIVEATC.NET,metadata,"['MAP AND ANIMATION', 'CREATED BY', 'AUDIO SOURCE', 'WWW.', 'LIVEATC.NET']",
fwbyr8TN--U_seg021.wav,fwbyr8TN--U,21,MAP AND ANIMATION CREATED BY A. WYSEN AUDIO SOURCE: WWW.LIVEATC.NET,metadata,"['MAP AND ANIMATION', 'CREATED BY', 'AUDIO SOURCE', 'WWW.', 'LIVEATC.NET']",
fwbyr8TN--U_seg024.wav,fwbyr8TN--U,24,MAP AND ANIMATION CREATED BY A. WYSEN AUDIO SOURCE: WWW.LIVEATC.NET,metadata,"['MAP AND ANIMATION', 'CREATED BY', 'AUDIO SOURCE', 'WWW.', 'LIVEATC.NET']",
gaOWOd0vA6g_seg001.wav,gaOWOd0vA6g,1,ATC AUDIO YOUTUBE CHANNEL VISUALIZED,metadata,"['ATC AUDIO', 'YOUTUBE', 'CHANNEL', 'VISUALIZED']",
gaOWOd0vA6g_seg002.wav,gaOWOd0vA6g,2,MAP AND ANIMATION CREATED BY A. WYSIN AUDIO SOURCE: WWW.LIVEATC.NET,metadata,"['MAP AND ANIMATION', 'CREATED BY', 'AUDIO SOURCE', 'WWW.', 'LIVEATC.NET']",
ggklH9Wnxz8_seg001.wav,ggklH9Wnxz8,1,ATC AUDIO YOUTUBE CHANNEL,metadata,"['ATC AUDIO', 'YOUTUBE', 'CHANNEL']",
ggklH9Wnxz8_seg002.wav,ggklH9Wnxz8,2,MAP AND ANIMATION CREATED BY: A. TAYSON,metadata,"['MAP AND ANIMATION', 'CREATED BY']",
ggklH9Wnxz8_seg003.wav,ggklH9Wnxz8,3,AUDIO SOURCE: WWW.LIVEATC.COM,metadata,"['AUDIO SOURCE', 'WWW.', 'LIVEATC.COM']",
ggklH9Wnxz8_seg004.wav,ggklH9Wnxz8,4,ATC AUDIO,metadata,['ATC AUDIO'],
gmRErlcffLg_seg001.wav,gmRErlcffLg,1,ATC AUDIO YOUTUBE CHANNEL VISUALIZED,metadata,"['ATC AUDIO', 'YOUTUBE', 'CHANNEL', 'VISUALIZED']",
gmRErlcffLg_seg002.wav,gmRErlcffLg,2,MAP AND ANIMATION CREATED BY A. WYSYN AUDIO SOURCE: WWW.LIVEATC.NET,metadata,"['MAP AND ANIMATION', 'CREATED BY', 'AUDIO SOURCE', 'WWW.', 'LIVEATC.NET']",
h36m7joF1_0_seg001.wav,h36m7joF1_0,1,ATC AUDIO YOUTUBE CHANNEL,metadata,"['ATC AUDIO', 'YOUTUBE', 'CHANNEL']",
hM6ZwGMIMaw_seg001.wav,hM6ZwGMIMaw,1,ATC AUDIO YOUTUBE CHANNEL,metadata,"['ATC AUDIO', 'YOUTUBE', 'CHANNEL']",
hM6ZwGMIMaw_seg002.wav,hM6ZwGMIMaw,2,MAP AND ANIMATION CREATED BY A.TAYSIN AUDIO SOURCE: WWW.LIVEATC.COM,metadata,"['MAP AND ANIMATION', 'CREATED BY', 'AUDIO SOURCE', 'WWW.', 'LIVEATC.COM']",
hrbWb8Npb5I_seg001.wav,hrbWb8Npb5I,1,ATC AUDIO YOUTUBE CHANNEL VISUALIZED,metadata,"['ATC AUDIO', 'YOUTUBE', 'CHANNEL', 'VISUALIZED']",
hrbWb8Npb5I_seg002.wav,hrbWb8Npb5I,2,MAP AND ANIMATION CREATED BY A. TAYSIN AUDIO SOURCE : WWW.LIVEATC.COM,metadata,"['MAP AND ANIMATION', 'CREATED BY', 'AUDIO SOURCE', 'WWW.', 'LIVEATC.COM']",
iEaL7Q3PcyU_seg001.wav,iEaL7Q3PcyU,1,ATC AUDIO YOUTUBE CHANNEL,metadata,"['ATC AUDIO', 'YOUTUBE', 'CHANNEL']",
iVqg1odbF7k_seg001.wav,iVqg1odbF7k,1,ATC AUDIO,metadata,['ATC AUDIO'],
iVqg1odbF7k_seg002.wav,iVqg1odbF7k,2,YOUTUBE CHANNEL,metadata,"['YOUTUBE', 'CHANNEL']",
iVqg1odbF7k_seg003.wav,iVqg1odbF7k,3,VISUALIZED,metadata,['VISUALIZED'],
iVqg1odbF7k_seg004.wav,iVqg1odbF7k,4,MAP AND ANIMATION CREATED BY: A. TAYSOM,metadata,"['MAP AND ANIMATION', 'CREATED BY']",
iVqg1odbF7k_seg005.wav,iVqg1odbF7k,5,AUDIO SOURCE: WWW.LIVEATC.COM,metadata,"['AUDIO SOURCE', 'WWW.', 'LIVEATC.COM']",
iVqg1odbF7k_seg006.wav,iVqg1odbF7k,6,ATC AUDIO,metadata,['ATC AUDIO'],
j6QQ8HtvBT8_seg001.wav,j6QQ8HtvBT8,1,ATC AUDIO YOUTUBE CHANNEL,metadata,"['ATC AUDIO', 'YOUTUBE', 'CHANNEL']",
j6QQ8HtvBT8_seg002.wav,j6QQ8HtvBT8,2,MAP AND ANIMATION CREATED BY A.TRYSIN,metadata,"['MAP AND ANIMATION', 'CREATED BY']",
j6QQ8HtvBT8_seg003.wav,j6QQ8HtvBT8,3,AUDIO SOURCE : WWW.LIVEATC.NET,metadata,"['AUDIO SOURCE', 'WWW.', 'LIVEATC.NET']",
j6QQ8HtvBT8_seg046.wav,j6QQ8HtvBT8,46,ATC AUDIO ATC AUDIO VISUALIZED,metadata,"['ATC AUDIO', 'VISUALIZED']",
jY1ly0CA-uQ_seg001.wav,jY1ly0CA-uQ,1,ATC AUDIO YOUTUBE CHANNEL VISUALIZED,metadata,"['ATC AUDIO', 'YOUTUBE', 'CHANNEL', 'VISUALIZED']",
jY1ly0CA-uQ_seg002.wav,jY1ly0CA-uQ,2,MAP AND ANIMATION CREATED BY A. WYSIN AUDIO SOURCE: WWW.LIVEATC.NET,metadata,"['MAP AND ANIMATION', 'CREATED BY', 'AUDIO SOURCE', 'WWW.', 'LIVEATC.NET']",
jY1ly0CA-uQ_seg006.wav,jY1ly0CA-uQ,6,VIDEO FROM: YOUTUBE/SHOWME CARIBBEAN,metadata,['YOUTUBE'],
jas6SMLLc40_seg001.wav,jas6SMLLc40,1,ATC AUDIO YOUTUBE CHANNEL,metadata,"['ATC AUDIO', 'YOUTUBE', 'CHANNEL']",
jas6SMLLc40_seg002.wav,jas6SMLLc40,2,MAP AND ANIMATION CREATED BY A.TAYFUN AUDIO SOURCE: WWW.LIVEATC.NET,metadata,"['MAP AND ANIMATION', 'CREATED BY', 'AUDIO SOURCE', 'WWW.', 'LIVEATC.NET']",
jas6SMLLc40_seg004.wav,jas6SMLLc40,4,ATC AUDIO,metadata,['ATC AUDIO'],
jqAv3BCfwqM_seg001.wav,jqAv3BCfwqM,1,ATC AUDIO YOUTUBE CHANNEL VISUALIZED,metadata,"['ATC AUDIO', 'YOUTUBE', 'CHANNEL', 'VISUALIZED']",
jqAv3BCfwqM_seg035.wav,jqAv3BCfwqM,35,ATC AUDIO ATC AUDIO VISUALIZED SUBSCRIBE,metadata,"['ATC AUDIO', 'VISUALIZED']",
jxvsggdfykI_seg001.wav,jxvsggdfykI,1,ATC AUDIO YOUTUBE CHANNEL,metadata,"['ATC AUDIO', 'YOUTUBE', 'CHANNEL']",
k1YZst6VvPU_seg001.wav,k1YZst6VvPU,1,ATC AUDIO YOUTUBE CHANNEL,metadata,"['ATC AUDIO', 'YOUTUBE', 'CHANNEL']",
kGGWt8cB1J8_seg001.wav,kGGWt8cB1J8,1,ATC AUDIO YOUTUBE CHANNEL VISUALIZED,metadata,"['ATC AUDIO', 'YOUTUBE', 'CHANNEL', 'VISUALIZED']",
kGGWt8cB1J8_seg002.wav,kGGWt8cB1J8,2,MAP AND ANIMATION CREATED BY: X.TAYSON AUDIO SOURCE: WWW.LIVEATC.COM,metadata,"['MAP AND ANIMATION', 'CREATED BY', 'AUDIO SOURCE', 'WWW.', 'LIVEATC.COM']",
kI1TaPBW0p0_seg001.wav,kI1TaPBW0p0,1,ATC AUDIO YOUTUBE CHANNEL,metadata,"['ATC AUDIO', 'YOUTUBE', 'CHANNEL']",
kJRThRHOTCY_seg001.wav,kJRThRHOTCY,1,ATC AUDIO YOUTUBE CHANNEL VISUALIZED,metadata,"['ATC AUDIO', 'YOUTUBE', 'CHANNEL', 'VISUALIZED']",
kJRThRHOTCY_seg002.wav,kJRThRHOTCY,2,MAP AND ANIMATION CREATED BY V_TAYSON AUDIO SOURCE : WWW.LIVEATC.COM,metadata,"['MAP AND ANIMATION', 'CREATED BY', 'AUDIO SOURCE', 'WWW.', 'LIVEATC.COM']",
kJRThRHOTCY_seg003.wav,kJRThRHOTCY,3,ATCAUDIO,metadata,['ATCAUDIO'],
kgHVNdzosKQ_seg001.wav,kgHVNdzosKQ,1,ATC AUDIO YOUTUBE CHANNEL,metadata,"['ATC AUDIO', 'YOUTUBE', 'CHANNEL']",
kgHVNdzosKQ_seg002.wav,kgHVNdzosKQ,2,MAP AND ANIMATION CREATED BY A. JEYSIN AUDIO SOURCE: WWW.LIVEATC.NET,metadata,"['MAP AND ANIMATION', 'CREATED BY', 'AUDIO SOURCE', 'WWW.', 'LIVEATC.NET']",
l0Sj3YqIdwE_seg001.wav,l0Sj3YqIdwE,1,ATC AUDIO,metadata,['ATC AUDIO'],
l0Sj3YqIdwE_seg002.wav,l0Sj3YqIdwE,2,YOUTUBE CHANNEL,metadata,"['YOUTUBE', 'CHANNEL']",
l0Sj3YqIdwE_seg003.wav,l0Sj3YqIdwE,3,MAP AND ANIMATION CREATED BY A. VEYSEN AUDIO SOURCE: WWW.LIVEATC.NET,metadata,"['MAP AND ANIMATION', 'CREATED BY', 'AUDIO SOURCE', 'WWW.', 'LIVEATC.NET']",
lVyRoLqpV44_seg001.wav,lVyRoLqpV44,1,ATC AUDIO YOUTUBE CHANNEL,metadata,"['ATC AUDIO', 'YOUTUBE', 'CHANNEL']",
lVyRoLqpV44_seg002.wav,lVyRoLqpV44,2,MAP AND ANIMATION CREATED BY A.TAYSIN AUDIO SOURCE - WWW.LIVEATC.COM,metadata,"['MAP AND ANIMATION', 'CREATED BY', 'AUDIO SOURCE', 'WWW.', 'LIVEATC.COM']",
l_O8GC6Fj40_seg001.wav,l_O8GC6Fj40,1,ATC AUDIO,metadata,['ATC AUDIO'],
l_O8GC6Fj40_seg002.wav,l_O8GC6Fj40,2,ATC AUDIO YOUTUBE CHANNEL VISUALIZED,metadata,"['ATC AUDIO', 'YOUTUBE', 'CHANNEL', 'VISUALIZED']",
l_O8GC6Fj40_seg003.wav,l_O8GC6Fj40,3,MAP AND ANIMATION CREATED BY A. VEYSIN,metadata,"['MAP AND ANIMATION', 'CREATED BY']",
l_O8GC6Fj40_seg004.wav,l_O8GC6Fj40,4,AUDIO SOURCE: WWW.LIVEATC.NET,metadata,"['AUDIO SOURCE', 'WWW.', 'LIVEATC.NET']",
lh_-xmTntWw_seg001.wav,lh_-xmTntWw,1,ATC AUDIO YOUTUBE CHANNEL,metadata,"['ATC AUDIO', 'YOUTUBE', 'CHANNEL']",
lnVTj17NNG4_seg001.wav,lnVTj17NNG4,1,ATC AUDIO,metadata,['ATC AUDIO'],
lnVTj17NNG4_seg002.wav,lnVTj17NNG4,2,YOUTUBE CHANNEL,metadata,"['YOUTUBE', 'CHANNEL']",
lnVTj17NNG4_seg003.wav,lnVTj17NNG4,3,ATC AUDIO YOUTUBE CHANNEL VISUALIZED,metadata,"['ATC AUDIO', 'YOUTUBE', 'CHANNEL', 'VISUALIZED']",
lnVTj17NNG4_seg004.wav,lnVTj17NNG4,4,ATC AUDIO YOUTUBE CHANNEL,metadata,"['ATC AUDIO', 'YOUTUBE', 'CHANNEL']",
lnVTj17NNG4_seg005.wav,lnVTj17NNG4,5,MAP AND ANIMATION CREATED BY A. WYSEN,metadata,"['MAP AND ANIMATION', 'CREATED BY']",
lnVTj17NNG4_seg006.wav,lnVTj17NNG4,6,AUDIO SOURCE: WWW.LIVEATC.NET,metadata,"['AUDIO SOURCE', 'WWW.', 'LIVEATC.NET']",
lw7ZbGvNbMQ_seg001.wav,lw7ZbGvNbMQ,1,ATC AUDIO,metadata,['ATC AUDIO'],
lw7ZbGvNbMQ_seg002.wav,lw7ZbGvNbMQ,2,YOUTUBE CHANNEL,metadata,"['YOUTUBE', 'CHANNEL']",
lw7ZbGvNbMQ_seg003.wav,lw7ZbGvNbMQ,3,VISUALIZED,metadata,['VISUALIZED'],
lw7ZbGvNbMQ_seg004.wav,lw7ZbGvNbMQ,4,MAP AND ANIMATION CREATED BY A. TAYSIN,metadata,"['MAP AND ANIMATION', 'CREATED BY']",
lw7ZbGvNbMQ_seg005.wav,lw7ZbGvNbMQ,5,AUDIO SOURCE : WWW.LIVEATC.COM,metadata,"['AUDIO SOURCE', 'WWW.', 'LIVEATC.COM']",
n2aCfEeZZ_U_seg001.wav,n2aCfEeZZ_U,1,ATC AUDIO YOUTUBE CHANNEL VISUALIZED,metadata,"['ATC AUDIO', 'YOUTUBE', 'CHANNEL', 'VISUALIZED']",
n2dw0viWNTI_seg001.wav,n2dw0viWNTI,1,ATC AUDIO YOUTUBE CHANNEL,metadata,"['ATC AUDIO', 'YOUTUBE', 'CHANNEL']",
n2dw0viWNTI_seg002.wav,n2dw0viWNTI,2,VISUALIZED,metadata,['VISUALIZED'],
n2dw0viWNTI_seg003.wav,n2dw0viWNTI,3,MAP AND ANIMATION CREATED BY A. WYSEN AUDIO SOURCE: WWW.LIVEATC.NET,metadata,"['MAP AND ANIMATION', 'CREATED BY', 'AUDIO SOURCE', 'WWW.', 'LIVEATC.NET']",
n2dw0viWNTI_seg004.wav,n2dw0viWNTI,4,ATC AUDIO,metadata,['ATC AUDIO'],
nN7g38E0Fjk_seg001.wav,nN7g38E0Fjk,1,ATC AUDIO YOUTUBE CHANNEL,metadata,"['ATC AUDIO', 'YOUTUBE', 'CHANNEL']",
nN7g38E0Fjk_seg002.wav,nN7g38E0Fjk,2,ATC AUDIO MAP AND ANIMATION CREATED BY A. WYSIN AUDIO SOURCE: WWW.LIVEATC.NET,metadata,"['ATC AUDIO', 'MAP AND ANIMATION', 'CREATED BY', 'AUDIO SOURCE', 'WWW.', 'LIVEATC.NET']",
n_xImCZdCWw_seg001.wav,n_xImCZdCWw,1,ATC AUDIO YOUTUBE CHANNEL,metadata,"['ATC AUDIO', 'YOUTUBE', 'CHANNEL']",
ngk47VXodg8_seg001.wav,ngk47VXodg8,1,ATC AUDIO YOUTUBE CHANNEL,metadata,"['ATC AUDIO', 'YOUTUBE', 'CHANNEL']",
o5NK9Pqrm7E_seg001.wav,o5NK9Pqrm7E,1,ATC AUDIO YOUTUBE CHANNEL,metadata,"['ATC AUDIO', 'YOUTUBE', 'CHANNEL']",
o5NK9Pqrm7E_seg002.wav,o5NK9Pqrm7E,2,MAP AND ANIMATION CREATED BY A. VEYSIN AUDIO SOURCE: WWW.LIVEATC.NET,metadata,"['MAP AND ANIMATION', 'CREATED BY', 'AUDIO SOURCE', 'WWW.', 'LIVEATC.NET']",
oJh5hcHC26g_seg001.wav,oJh5hcHC26g,1,ATC AUDIO YOUTUBE CHANNEL,metadata,"['ATC AUDIO', 'YOUTUBE', 'CHANNEL']",
oJh5hcHC26g_seg002.wav,oJh5hcHC26g,2,MAP AND ANIMATION CREATED BY A. TEYSSEN AUDIO SOURCE: WWW.LIVEATC.NET,metadata,"['MAP AND ANIMATION', 'CREATED BY', 'AUDIO SOURCE', 'WWW.', 'LIVEATC.NET']",
ow3_4nL1Y4M_seg001.wav,ow3_4nL1Y4M,1,ATC AUDIO YOUTUBE CHANNEL,metadata,"['ATC AUDIO', 'YOUTUBE', 'CHANNEL']",
p-qD_yFZxWQ_seg001.wav,p-qD_yFZxWQ,1,ATC AUDIO YOUTUBE CHANNEL,metadata,"['ATC AUDIO', 'YOUTUBE', 'CHANNEL']",
p3k3ntW0yR8_seg001.wav,p3k3ntW0yR8,1,ATC AUDIO YOUTUBE CHANNEL VISUALIZED,metadata,"['ATC AUDIO', 'YOUTUBE', 'CHANNEL', 'VISUALIZED']",
p3k3ntW0yR8_seg002.wav,p3k3ntW0yR8,2,MAP AND ANIMATION CREATED BY A. WYSEN AUDIO SOURCE: WWW.LIVEATC.NET,metadata,"['MAP AND ANIMATION', 'CREATED BY', 'AUDIO SOURCE', 'WWW.', 'LIVEATC.NET']",
pAY0NNXNzpU_seg001.wav,pAY0NNXNzpU,1,ATC AUDIO,metadata,['ATC AUDIO'],
pAY0NNXNzpU_seg002.wav,pAY0NNXNzpU,2,YOUTUBE CHANNEL,metadata,"['YOUTUBE', 'CHANNEL']",
pAY0NNXNzpU_seg003.wav,pAY0NNXNzpU,3,VISUALIZED,metadata,['VISUALIZED'],
psHb-k6_i7Y_seg001.wav,psHb-k6_i7Y,1,ATC AUDIO,metadata,['ATC AUDIO'],
psHb-k6_i7Y_seg002.wav,psHb-k6_i7Y,2,YOUTUBE CHANNEL,metadata,"['YOUTUBE', 'CHANNEL']",
psHb-k6_i7Y_seg003.wav,psHb-k6_i7Y,3,VISUALIZED,metadata,['VISUALIZED'],
psHb-k6_i7Y_seg004.wav,psHb-k6_i7Y,4,ATC AUDIO,metadata,['ATC AUDIO'],
psHb-k6_i7Y_seg005.wav,psHb-k6_i7Y,5,MAP AND ANIMATION CREATED BY A. WYSEN,metadata,"['MAP AND ANIMATION', 'CREATED BY']",
psHb-k6_i7Y_seg006.wav,psHb-k6_i7Y,6,AUDIO SOURCE: WWW.LIVEATC.NET,metadata,"['AUDIO SOURCE', 'WWW.', 'LIVEATC.NET']",
qwVtnKdiJzk_seg001.wav,qwVtnKdiJzk,1,ATC AUDIO,metadata,['ATC AUDIO'],
qwVtnKdiJzk_seg002.wav,qwVtnKdiJzk,2,YOUTUBE CHANNEL,metadata,"['YOUTUBE', 'CHANNEL']",
rcMMunNyaOQ_seg001.wav,rcMMunNyaOQ,1,ATC AUDIO YOUTUBE CHANNEL VISUALIZED,metadata,"['ATC AUDIO', 'YOUTUBE', 'CHANNEL', 'VISUALIZED']",
rcMMunNyaOQ_seg002.wav,rcMMunNyaOQ,2,MAP AND ANIMATION CREATED BY A.TAYSIN AUDIO SOURCE - WWW.LIVEATC.COM,metadata,"['MAP AND ANIMATION', 'CREATED BY', 'AUDIO SOURCE', 'WWW.', 'LIVEATC.COM']",
s2CpnfMYAls_seg001.wav,s2CpnfMYAls,1,ATC AUDIO YOUTUBE CHANNEL,metadata,"['ATC AUDIO', 'YOUTUBE', 'CHANNEL']",
s2CpnfMYAls_seg047.wav,s2CpnfMYAls,47,"IF THE APPROACH CONTROL ACTUALLY KNEW HOW TO ASSIGN SPEED FOR YOU GUYS, WE PROBABLY WOULD NOT TO BE ON YOUTUBE EVERY WEEK.",metadata,['YOUTUBE'],
sS0Web8bzoQ_seg001.wav,sS0Web8bzoQ,1,ATC AUDIO YOUTUBE CHANNEL VISUALIZED,metadata,"['ATC AUDIO', 'YOUTUBE', 'CHANNEL', 'VISUALIZED']",
t1E7rGCdZMI_seg001.wav,t1E7rGCdZMI,1,ATC AUDIO YOUTUBE CHANNEL VISUALIZED,metadata,"['ATC AUDIO', 'YOUTUBE', 'CHANNEL', 'VISUALIZED']",
tW2UrzYSv5I_seg001.wav,tW2UrzYSv5I,1,ATC AUDIO,metadata,['ATC AUDIO'],
tW2UrzYSv5I_seg002.wav,tW2UrzYSv5I,2,YOUTUBE CHANNEL,metadata,"['YOUTUBE', 'CHANNEL']",
tW2UrzYSv5I_seg003.wav,tW2UrzYSv5I,3,VISUALIZED,metadata,['VISUALIZED'],
tW2UrzYSv5I_seg004.wav,tW2UrzYSv5I,4,MAP AND ANIMATION CREATED BY A. TAYSOM,metadata,"['MAP AND ANIMATION', 'CREATED BY']",
tW2UrzYSv5I_seg005.wav,tW2UrzYSv5I,5,AUDIO SOURCE - WWW.LIVEATC.NET,metadata,"['AUDIO SOURCE', 'WWW.', 'LIVEATC.NET']",
tW9IcCfTJhs_seg001.wav,tW9IcCfTJhs,1,ATC AUDIO YOUTUBE CHANNEL VISUALIZED,metadata,"['ATC AUDIO', 'YOUTUBE', 'CHANNEL', 'VISUALIZED']",
tqrymzg2NSY_seg001.wav,tqrymzg2NSY,1,ATC AUDIO YOUTUBE CHANNEL VISUALIZED,metadata,"['ATC AUDIO', 'YOUTUBE', 'CHANNEL', 'VISUALIZED']",
tqrymzg2NSY_seg002.wav,tqrymzg2NSY,2,MAP AND ANIMATION CREATED BY V. VYSIN AUDIO SOURCE: WWW.LIVEATC.NET ATC AUDIO,metadata,"['ATC AUDIO', 'MAP AND ANIMATION', 'CREATED BY', 'AUDIO SOURCE', 'WWW.', 'LIVEATC.NET']",
u4RgiuX2AzM_seg001.wav,u4RgiuX2AzM,1,ATC AUDIO YOUTUBE CHANNEL VISUALIZED,metadata,"['ATC AUDIO', 'YOUTUBE', 'CHANNEL', 'VISUALIZED']",
uOvRfdkcS5w_seg001.wav,uOvRfdkcS5w,1,ATC AUDIO YOUTUBE CHANNEL VISUALIZED,metadata,"['ATC AUDIO', 'YOUTUBE', 'CHANNEL', 'VISUALIZED']",
uOvRfdkcS5w_seg002.wav,uOvRfdkcS5w,2,MAP AND ANIMATION CREATED BY A. JEYSIN AUDIO SOURCE: WWW.LIVEATC.NET,metadata,"['MAP AND ANIMATION', 'CREATED BY', 'AUDIO SOURCE', 'WWW.', 'LIVEATC.NET']",
vQiorg0brLY_seg001.wav,vQiorg0brLY,1,ATC AUDIO YOUTUBE CHANNEL VISUALIZED,metadata,"['ATC AUDIO', 'YOUTUBE', 'CHANNEL', 'VISUALIZED']",
vQiorg0brLY_seg002.wav,vQiorg0brLY,2,MAP AND ANIMATION CREATED BY A. VEYSIN AUDIO SOURCE: WWW.LIVEATC.NET,metadata,"['MAP AND ANIMATION', 'CREATED BY', 'AUDIO SOURCE', 'WWW.', 'LIVEATC.NET']",
vVb9CO8X_Eo_seg001.wav,vVb9CO8X_Eo,1,ATC AUDIO,metadata,['ATC AUDIO'],
vVb9CO8X_Eo_seg002.wav,vVb9CO8X_Eo,2,YOUTUBE CHANNEL,metadata,"['YOUTUBE', 'CHANNEL']",
vVb9CO8X_Eo_seg003.wav,vVb9CO8X_Eo,3,VISUALIZED,metadata,['VISUALIZED'],
vehEpiZgz_I_seg001.wav,vehEpiZgz_I,1,ATC AUDIO,metadata,['ATC AUDIO'],
vehEpiZgz_I_seg002.wav,vehEpiZgz_I,2,YOUTUBE CHANNEL,metadata,"['YOUTUBE', 'CHANNEL']",
vehEpiZgz_I_seg003.wav,vehEpiZgz_I,3,VISUALIZED,metadata,['VISUALIZED'],
vehEpiZgz_I_seg004.wav,vehEpiZgz_I,4,MAP AND ANIMATION CREATED BY A. SAXN,metadata,"['MAP AND ANIMATION', 'CREATED BY']",
vehEpiZgz_I_seg005.wav,vehEpiZgz_I,5,ATC AUDIO,metadata,['ATC AUDIO'],
vehEpiZgz_I_seg006.wav,vehEpiZgz_I,6,AUDIO SOURCE: WWW.LIVEATC.NET,metadata,"['AUDIO SOURCE', 'WWW.', 'LIVEATC.NET']",
vehEpiZgz_I_seg008.wav,vehEpiZgz_I,8,ATC AUDIO,metadata,['ATC AUDIO'],
vpOZEe0_YOo_seg001.wav,vpOZEe0_YOo,1,ATC AUDIO YOUTUBE CHANNEL,metadata,"['ATC AUDIO', 'YOUTUBE', 'CHANNEL']",
vpOZEe0_YOo_seg002.wav,vpOZEe0_YOo,2,VISUALIZED,metadata,['VISUALIZED'],
vpOZEe0_YOo_seg003.wav,vpOZEe0_YOo,3,MAP AND ANIMATION CREATED BY A.TRYSON,metadata,"['MAP AND ANIMATION', 'CREATED BY']",
vpOZEe0_YOo_seg004.wav,vpOZEe0_YOo,4,AUDIO SOURCE: WWW.LIVEATC.COM,metadata,"['AUDIO SOURCE', 'WWW.', 'LIVEATC.COM']",
vsmAuWMvMLk_seg001.wav,vsmAuWMvMLk,1,ATC AUDIO YOUTUBE CHANNEL,metadata,"['ATC AUDIO', 'YOUTUBE', 'CHANNEL']",
w1SKRSXuZbI_seg001.wav,w1SKRSXuZbI,1,ATC AUDIO YOUTUBE CHANNEL,metadata,"['ATC AUDIO', 'YOUTUBE', 'CHANNEL']",
wNFKUmXJEkw_seg001.wav,wNFKUmXJEkw,1,ATC AUDIO YOUTUBE CHANNEL,metadata,"['ATC AUDIO', 'YOUTUBE', 'CHANNEL']",
wNFKUmXJEkw_seg002.wav,wNFKUmXJEkw,2,MAP AND ANIMATION CREATED BY A. WYSIN AUDIO SOURCE: WWW.LIVEATC.NET,metadata,"['MAP AND ANIMATION', 'CREATED BY', 'AUDIO SOURCE', 'WWW.', 'LIVEATC.NET']",
xCWXMRvNcnQ_seg001.wav,xCWXMRvNcnQ,1,ATC AUDIO YOUTUBE CHANNEL VISUALIZED,metadata,"['ATC AUDIO', 'YOUTUBE', 'CHANNEL', 'VISUALIZED']",
yLzkCLkLA-Q_seg001.wav,yLzkCLkLA-Q,1,ATC AUDIO,metadata,['ATC AUDIO'],
yLzkCLkLA-Q_seg002.wav,yLzkCLkLA-Q,2,YOUTUBE CHANNEL,metadata,"['YOUTUBE', 'CHANNEL']",
yLzkCLkLA-Q_seg003.wav,yLzkCLkLA-Q,3,VISUALIZED,metadata,['VISUALIZED'],
yMWWZcQevFU_seg001.wav,yMWWZcQevFU,1,ATC AUDIO YOUTUBE CHANNEL VISUALIZED,metadata,"['ATC AUDIO', 'YOUTUBE', 'CHANNEL', 'VISUALIZED']",
ycDYYcMtjKI_seg001.wav,ycDYYcMtjKI,1,ATC AUDIO YOUTUBE CHANNEL,metadata,"['ATC AUDIO', 'YOUTUBE', 'CHANNEL']",
z5FN9Txjvsk_seg001.wav,z5FN9Txjvsk,1,ATC AUDIO YOUTUBE CHANNEL VISUALIZED,metadata,"['ATC AUDIO', 'YOUTUBE', 'CHANNEL', 'VISUALIZED']",
zIreYtCJnRA_seg001.wav,zIreYtCJnRA,1,ATC AUDIO,metadata,['ATC AUDIO'],
zIreYtCJnRA_seg002.wav,zIreYtCJnRA,2,YOUTUBE CHANNEL,metadata,"['YOUTUBE', 'CHANNEL']",
zSL-CJlspjw_seg001.wav,zSL-CJlspjw,1,ATC AUDIO YOUTUBE CHANNEL,metadata,"['ATC AUDIO', 'YOUTUBE', 'CHANNEL']",
zbtB1uhPWx0_seg001.wav,zbtB1uhPWx0,1,ATC AUDIO,metadata,['ATC AUDIO'],
zbtB1uhPWx0_seg002.wav,zbtB1uhPWx0,2,YOUTUBE CHANNEL,metadata,"['YOUTUBE', 'CHANNEL']",
zbtB1uhPWx0_seg003.wav,zbtB1uhPWx0,3,VISUALIZED,metadata,['VISUALIZED'],
zbtB1uhPWx0_seg004.wav,zbtB1uhPWx0,4,MAP AND ANIMATION CREATED BY A. TAYSIN AUDIO SOURCE: WWW.LIVEATC.NET,metadata,"['MAP AND ANIMATION', 'CREATED BY', 'AUDIO SOURCE', 'WWW.', 'LIVEATC.NET']",
zbtB1uhPWx0_seg005.wav,zbtB1uhPWx0,5,ATCAUDIO,metadata,['ATCAUDIO'],
5TA1QldUTcs_seg004.wav,5TA1QldUTcs,4,KAFW PEROT FIELD FORT WORTH ALLIANCE AIRPORT,very_long_segment,,277.0
A7Saf_bijtg_seg006.wav,A7Saf_bijtg,6,N1307G,very_long_segment,,218.0
A7Saf_bijtg_seg007.wav,A7Saf_bijtg,7,CESSNA 172G,very_long_segment,,218.0
E4Cv5IpJKPQ_seg006.wav,E4Cv5IpJKPQ,6,QTR18N,very_long_segment,,217.0
E4Cv5IpJKPQ_seg007.wav,E4Cv5IpJKPQ,7,A35K,very_long_segment,,217.0
j6QQ8HtvBT8_seg004.wav,j6QQ8HtvBT8,4,KAGEL CANYON,very_long_segment,,220.0
j6QQ8HtvBT8_seg005.wav,j6QQ8HtvBT8,5,SAN FERNANDO,very_long_segment,,220.0
j6QQ8HtvBT8_seg006.wav,j6QQ8HtvBT8,6,KWHP / WHP,very_long_segment,,220.0
j6QQ8HtvBT8_seg007.wav,j6QQ8HtvBT8,7,KBUR / BUR,very_long_segment,,220.0
j6QQ8HtvBT8_seg008.wav,j6QQ8HtvBT8,8,BURBANK,very_long_segment,,220.0
j6QQ8HtvBT8_seg009.wav,j6QQ8HtvBT8,9,KVNY / VNY,very_long_segment,,220.0
j6QQ8HtvBT8_seg010.wav,j6QQ8HtvBT8,10,HIDDEN HILLS,very_long_segment,,220.0
j6QQ8HtvBT8_seg011.wav,j6QQ8HtvBT8,11,CALABASAS,very_long_segment,,220.0
j6QQ8HtvBT8_seg013.wav,j6QQ8HtvBT8,13,N904LR,very_long_segment,,204.0
j6QQ8HtvBT8_seg014.wav,j6QQ8HtvBT8,14,PH100,very_long_segment,,219.0
tW2UrzYSv5I_seg006.wav,tW2UrzYSv5I,6,KMSP MINNEAPOLIS-SAINT PAUL INTERNATIONAL AIRPORT,very_long_segment,,258.0
tW2UrzYSv5I_seg007.wav,tW2UrzYSv5I,7,KSTP ST PAUL DOWNTOWN HOLMAN FIELD AIRPORT,very_long_segment,,258.0
tW2UrzYSv5I_seg008.wav,tW2UrzYSv5I,8,MINNEAPOLIS,very_long_segment,,258.0
tqrymzg2NSY_seg003.wav,tqrymzg2NSY,3,CYYZ TORONTO LESTER B. PEARSON INTERNATIONAL AIRPORT,very_long_segment,,182.0
